year,msa,sector,firms,estabs,emp,denom,estabs_entry,estabs_entry_rate,estabs_exit,estabs_exit_rate,job_creation,job_creation_births,job_creation_continuers,job_creation_rate_births,job_creation_rate,job_destruction,job_destruction_deaths,job_destruction_continuers,job_destruction_rate_deaths,job_destruction_rate,net_job_creation,net_job_creation_rate,reallocation_rate,firmdeath_firms,firmdeath_estabs,firmdeath_emp
2010,10180,11,8,9,32,27,0,0.000,D,D,13,0,13,0.000,49.057,2,D,0,D,7.547,11,41.509,15.094,D,D,D
2010,10180,23,287,288,4204,4209,28,9.655,32,11.034,797,250,547,5.940,18.938,813,87,726,2.067,19.318,-16,-0.380,37.876,26,26,73
2010,10180,31-33,103,106,2119,2215,5,4.608,10,9.217,191,6,185,0.271,8.625,370,72,298,3.251,16.708,-179,-8.083,17.250,7,7,61
2010,10180,44-45,451,619,8369,8505,49,8.000,36,5.878,738,285,453,3.351,8.677,995,324,671,3.810,11.699,-257,-3.022,17.354,23,23,131
2010,12060,11,112,112,472,464,12,10.714,12,10.714,76,28,48,6.041,16.397,60,23,37,4.962,12.945,16,3.452,25.890,8,8,16
2010,12060,23,8269,8407,93698,102582,1092,12.429,1850,21.056,13378,3463,9915,3.376,13.041,31395,7798,23597,7.602,30.605,-18017,-17.564,26.083,1329,1331,5259
2010,12060,31-33,3298,3568,126861,131624,236,6.452,415,11.347,8719,2859,5860,2.172,6.624,18441,5809,12632,4.413,14.010,-9722,-7.386,13.248,281,281,2743
2010,12060,44-45,9362,15456,238414,241254,1404,8.968,1805,11.529,24504,8740,15764,3.623,10.157,30340,9444,20896,3.915,12.576,-5836,-2.419,20.314,1117,1181,4807
2011,10180,11,9,10,34,37,0,0.000,0,0.000,2,0,2,0.000,5.479,7,0,7,0.000,19.178,-5,-13.699,10.959,0,0,0
2011,10180,23,290,291,3066,3635,35,12.111,31,10.727,400,152,248,4.182,11.004,1494,68,1426,1.871,41.100,-1094,-30.096,22.008,25,25,48
2011,10180,31-33,102,104,2218,2169,6,5.714,8,7.619,314,60,254,2.767,14.480,220,90,130,4.150,10.145,94,4.335,20.291,7,7,20
2011,10180,44-45,431,601,8480,8433,22,3.607,40,6.557,714,168,546,1.992,8.467,626,200,426,2.372,7.424,88,1.044,14.847,31,31,164
2011,12060,11,106,106,445,458,12,11.060,17,15.668,65,30,35,6.550,14.192,82,50,32,10.917,17.904,-17,-3.712,28.384,14,14,40
2011,12060,23,7867,7998,90999,93105,1110,13.514,1541,18.762,16397,3958,12439,4.251,17.611,20571,6647,13924,7.139,22.095,-4174,-4.483,35.223,1051,1051,4683
2011,12060,31-33,3225,3476,128969,127421,269,7.650,350,9.953,13356,2641,10715,2.073,10.482,10218,2739,7479,2.150,8.019,3138,2.463,16.038,238,243,1376
2011,12060,44-45,9314,15477,244609,241634,1525,9.860,1505,9.730,28680,9419,19261,3.898,11.869,22743,7911,14832,3.274,9.412,5937,2.457,18.824,1010,1041,4418
2012,10180,11,9,10,33,34,0,0.000,0,0.000,3,0,3,0.000,8.955,5,0,5,0.000,14.925,-2,-5.970,17.910,0,0,0
2012,10180,23,300,300,3025,2968,33,11.149,25,8.446,655,122,533,4.111,22.072,546,177,369,5.965,18.399,109,3.673,36.799,19,19,146
2012,10180,31-33,106,106,2447,2349,10,9.479,9,8.531,342,55,287,2.342,14.562,159,50,109,2.129,6.770,183,7.792,13.541,3,3,8
2012,10180,44-45,442,608,8468,8462,46,7.629,36,5.970,923,311,612,3.675,10.908,939,285,654,3.368,11.097,-16,-0.189,21.816,18,22,173
2012,12060,11,114,114,464,455,17,15.385,10,9.050,90,38,52,8.352,19.780,75,33,42,7.253,16.484,15,3.297,32.967,7,7,26
2012,12060,23,7806,7911,88703,89518,1159,14.603,1210,15.246,16075,4516,11559,5.045,17.957,17636,5601,12035,6.257,19.701,-1561,-1.744,35.915,819,825,4355
2012,12060,31-33,3248,3490,131231,130675,285,8.132,314,8.960,12274,2078,10196,1.590,9.393,11175,5097,6078,3.901,8.552,1099,0.841,17.104,199,200,2005
2012,12060,44-45,9394,15549,246571,244365,1675,10.813,1559,10.064,28586,9792,18794,4.007,11.698,23909,8515,15394,3.485,9.784,4677,1.914,19.568,974,1006,3918
2013,10180,11,9,10,25,29,D,D,D,D,2,D,1,D,6.897,12,D,8,D,41.379,-10,-34.483,13.793,0,0,0
2013,10180,23,293,293,2966,2873,28,9.444,35,11.804,596,94,502,3.272,20.748,410,170,240,5.918,14.273,186,6.475,28.547,26,26,103
2013,10180,31-33,96,96,2637,2632,7,6.965,16,15.920,351,34,317,1.292,13.338,353,187,166,7.106,13.414,-2,-0.076,26.677,12,12,144
2013,10180,44-45,433,603,8819,8644,34,5.624,37,6.121,957,183,774,2.117,11.071,624,154,470,1.782,7.219,333,3.852,14.438,23,23,81
2013,12060,11,109,109,460,460,10,9.050,13,11.765,71,35,36,7.617,15.452,71,35,36,7.617,15.452,0,0.000,30.903,9,9,27
2013,12060,23,7868,7965,92320,90797,1093,13.763,1046,13.171,16964,3546,13418,3.905,18.684,13915,4919,8996,5.418,15.325,3049,3.358,30.651,662,662,2845
2013,12060,31-33,3219,3460,134029,132699,244,7.025,271,7.802,11576,1959,9617,1.476,8.724,9019,2305,6714,1.737,6.797,2557,1.927,13.593,198,198,1368
2013,12060,44-45,9527,15678,251107,248999,1575,10.095,1424,9.127,26920,8523,18397,3.423,10.811,22784,8081,14703,3.245,9.150,4136,1.661,18.301,928,955,3647
2014,10180,11,8,9,25,25,0,0.000,D,D,3,0,3,0.000,12.000,4,D,1,D,16.000,-1,-4.000,24.000,D,D,D
2014,10180,23,302,302,2966,2964,33,11.111,23,7.744,415,137,278,4.622,14.001,405,103,302,3.475,13.664,10,0.337,27.328,18,18,87
2014,10180,31-33,95,95,2417,2530,3,3.125,5,5.208,299,47,252,1.858,11.821,495,274,221,10.832,19.569,-196,-7.749,23.641,3,3,132
2014,10180,44-45,433,603,8798,8819,29,4.805,30,4.971,724,138,586,1.565,8.210,756,112,644,1.270,8.573,-32,-0.363,16.420,21,22,63
2014,12060,11,108,108,488,474,11,10.092,13,11.927,83,20,63,4.224,17.529,58,31,27,6.547,12.249,25,5.280,24.498,10,10,24
2014,12060,23,8200,8297,104004,98161,1260,15.489,936,11.506,24889,5502,19387,5.605,25.355,13121,5132,7989,5.228,13.367,11768,11.989,26.734,630,630,3811
2014,12060,31-33,3209,3461,138699,136231,264,7.627,265,7.656,14851,2730,12121,2.004,10.901,10067,3066,7001,2.251,7.390,4784,3.512,14.779,189,189,1536
2014,12060,44-45,9599,15861,259140,255186,1561,9.904,1363,8.647,26985,9449,17536,3.703,10.575,19137,5995,13142,2.349,7.499,7848,3.075,14.998,973,987,3417
2015,10180,11,9,10,19,20,D,D,0,0.000,5,D,1,D,25.641,3,0,3,0.000,15.385,2,10.256,30.769,0,0,0
2015,10180,23,305,305,4419,3688,32,10.561,28,9.241,1760,1412,348,38.286,47.722,370,70,300,1.898,10.033,1390,37.690,20.065,16,16,42
2015,10180,31-33,99,101,2893,2657,12,12.245,6,6.122,606,256,350,9.635,22.808,155,38,117,1.430,5.834,451,16.974,11.667,4,4,18
2015,10180,44-45,425,597,9049,8868,32,5.329,39,6.495,1291,409,882,4.612,14.559,945,327,618,3.688,10.657,346,3.902,21.314,27,27,89
2015,12060,11,111,111,507,497,14,12.844,10,9.174,117,47,70,9.466,23.565,88,39,49,7.855,17.724,29,5.841,35.448,8,8,34
2015,12060,23,8626,8732,108827,106494,1272,14.939,837,9.830,18307,5071,13236,4.762,17.191,13627,3544,10083,3.328,12.796,4680,4.395,25.592,560,560,1946
2015,12060,31-33,3267,3530,143999,141208,305,8.708,250,7.138,17846,3203,14643,2.268,12.638,11983,2524,9459,1.787,8.486,5863,4.152,16.972,179,179,1411
2015,12060,44-45,9666,16019,267479,263027,1515,9.514,1326,8.327,30352,12842,17510,4.882,11.539,21652,7284,14368,2.769,8.232,8700,3.308,16.464,916,968,3900
2016,10180,11,8,9,22,21,D,D,D,D,5,D,3,D,24.390,4,D,1,D,19.512,1,4.878,39.024,D,D,D
2016,10180,23,316,316,4035,4213,42,13.659,25,8.130,460,126,334,2.991,10.920,787,87,700,2.065,18.682,-327,-7.763,21.840,20,20,74
2016,10180,31-33,101,103,2818,2858,9,8.824,7,6.863,282,19,263,0.665,9.869,351,23,328,0.805,12.283,-69,-2.415,19.738,6,6,21
2016,10180,44-45,428,601,9057,9038,34,5.676,30,5.008,859,296,563,3.275,9.505,798,220,578,2.434,8.830,61,0.675,17.660,22,22,109
2016,12060,11,122,123,769,654,22,18.644,12,10.169,322,105,217,16.055,49.235,112,34,78,5.199,17.125,210,32.110,34.251,10,10,32
2016,12060,23,9015,9119,113879,111266,1302,14.614,883,9.911,19686,4914,14772,4.416,17.693,14450,3927,10523,3.529,12.987,5236,4.706,25.974,596,596,2294
2016,12060,31-33,3278,3556,145307,144729,266,7.501,246,6.937,13801,2733,11068,1.888,9.536,12387,4595,7792,3.175,8.559,1414,0.977,17.118,174,174,1590
2016,12060,44-45,9841,16289,277971,272623,1586,9.825,1293,8.010,32863,9627,23236,3.531,12.054,22119,7782,14337,2.854,8.113,10744,3.941,16.227,903,946,4216
2017,10180,11,9,10,24,23,D,D,D,D,4,D,2,D,17.391,3,D,1,D,13.043,1,4.348,26.087,D,D,D
2017,10180,23,323,324,3525,3796,33,10.264,28,8.709,430,86,344,2.266,11.328,951,130,821,3.425,25.053,-521,-13.725,22.655,20,20,93
2017,10180,31-33,101,105,2873,2842,12,11.594,9,8.696,530,403,127,14.180,18.649,493,57,436,2.006,17.347,37,1.302,34.694,8,8,53
2017,10180,44-45,412,580,8880,8887,35,5.932,55,9.322,1147,585,562,6.583,12.906,1149,457,692,5.142,12.929,-2,-0.023,25.813,30,31,151
2017,12060,11,126,126,763,767,15,12.000,13,10.400,102,28,74,3.651,13.299,107,50,57,6.519,13.950,-5,-0.652,26.597,9,9,22
2017,12060,23,9419,9527,119947,116885,1359,14.572,957,10.262,20645,6106,14539,5.224,17.663,14717,4688,10029,4.011,12.591,5928,5.072,25.182,631,631,2203
2017,12060,31-33,3318,3608,151878,149294,271,7.565,220,6.141,16295,3570,12725,2.391,10.915,10959,2318,8641,1.553,7.341,5336,3.574,14.681,151,151,1168
2017,12060,44-45,9994,16363,274832,274202,1468,9.001,1360,8.339,29277,10030,19247,3.658,10.677,28115,7990,20125,2.914,10.253,1162,0.424,20.507,887,927,3676
2018,10180,11,9,10,25,25,0,0.000,0,0.000,4,0,4,0.000,16.327,3,0,3,0.000,12.245,1,4.082,24.490,0,0,0
2018,10180,23,325,326,3616,3568,42,12.943,39,12.018,703,145,558,4.064,19.706,596,109,487,3.055,16.706,107,2.999,33.413,33,33,101
2018,10180,31-33,104,109,3131,3004,11,10.233,8,7.442,538,59,479,1.964,17.912,288,56,232,1.864,9.589,250,8.324,19.178,6,6,38
2018,10180,44-45,412,589,8729,8806,47,8.048,37,6.336,770,212,558,2.408,8.745,945,313,632,3.555,10.732,-175,-1.987,17.489,23,26,136
2018,12060,11,130,130,779,763,19,14.961,13,10.236,121,54,67,7.077,15.858,86,25,61,3.277,11.271,35,4.587,22.543,8,8,13
2018,12060,23,9734,9850,125139,122438,1389,14.348,1051,10.856,21343,6017,15326,4.914,17.432,15934,4449,11485,3.634,13.014,5409,4.418,26.028,706,706,2877
2018,12060,31-33,3331,3653,156406,154130,276,7.597,236,6.496,16335,3064,13271,1.988,10.598,11705,2481,9224,1.610,7.594,4630,3.004,15.189,172,172,1276
2018,12060,44-45,10018,16341,277120,275934,1388,8.501,1362,8.341,29193,8379,20814,3.037,10.580,26860,8768,18092,3.178,9.734,2333,0.845,19.468,912,939,3858
2019,10180,11,7,8,25,25,D,D,3,33.333,4,D,3,D,16.000,5,3,2,12.000,20.000,-1,-4.000,32.000,3,3,3
2019,10180,23,328,329,3692,3657,29,8.841,27,8.232,506,68,438,1.860,13.838,444,62,382,1.696,12.143,62,1.696,24.286,20,20,51
2019,10180,31-33,107,111,3476,3302,11,10.000,9,8.182,612,32,580,0.969,18.534,251,27,224,0.818,7.601,361,10.933,15.203,8,8,15
2019,10180,44-45,415,593,8871,8813,33,5.588,28,4.742,802,220,582,2.496,9.101,702,151,551,1.713,7.966,100,1.135,15.932,20,20,45
2019,12060,11,122,122,847,824,9,7.229,14,11.245,144,10,134,1.214,17.486,99,29,70,3.522,12.022,45,5.464,24.044,11,11,21
2019,12060,23,10191,10314,130824,128276,1461,14.479,1014,10.049,19666,4862,14804,3.790,15.331,14623,3966,10657,3.092,11.400,5043,3.931,22.799,692,692,2798
2019,12060,31-33,3336,3645,159434,157644,258,7.062,275,7.527,16362,4005,12357,2.541,10.379,12948,3783,9165,2.400,8.213,3414,2.166,16.427,202,205,1536
2019,12060,44-45,10028,16403,275967,276527,1440,8.800,1361,8.317,22852,7781,15071,2.814,8.264,24173,7615,16558,2.754,8.742,-1321,-0.478,16.528,961,983,4325
2020,10180,11,5,6,34,30,0,0.000,D,D,22,0,22,0.000,74.576,12,D,5,D,40.678,10,33.898,81.356,D,D,D
2020,10180,23,331,334,4536,4115,30,9.050,25,7.541,1377,166,1211,4.035,33.467,605,60,545,1.458,14.704,772,18.763,29.408,20,20,54
2020,10180,31-33,105,108,3233,3355,6,5.479,9,8.219,227,46,181,1.371,6.767,469,48,421,1.431,13.981,-242,-7.214,13.534,7,7,44
2020,10180,44-45,417,593,8888,8878,41,6.908,42,7.077,798,177,621,1.994,8.989,756,221,535,2.489,8.515,42,0.473,17.031,26,26,69
2020,12060,11,129,129,789,815,19,15.200,11,8.800,151,43,108,5.279,18.539,194,20,174,2.455,23.818,-43,-5.279,37.078,10,10,19
2020,12060,23,10451,10585,131952,131447,1480,14.149,1230,11.759,17076,5403,11673,4.110,12.991,16324,4535,11789,3.450,12.419,752,0.572,24.837,815,815,2864
2020,12060,31-33,3278,3576,157436,158170,246,6.823,305,8.459,13431,2940,10491,1.859,8.492,14760,4208,10552,2.660,9.332,-1329,-0.840,16.983,211,212,1601
2020,12060,44-45,10036,16437,282110,278963,1520,9.264,1462,8.910,28707,8154,20553,2.923,10.291,22161,7324,14837,2.625,7.944,6546,2.347,15.888,943,987,4035
2021,10180,11,5,6,12,23,D,D,D,D,1,D,0,D,4.348,24,D,23,D,104.348,-23,-100.000,8.696,D,D,D
2021,10180,23,335,337,3232,3887,38,11.343,34,10.149,468,107,361,2.753,12.040,1707,160,1547,4.116,43.916,-1239,-31.875,24.080,23,23,125
2021,10180,31-33,104,108,3286,3274,7,6.452,8,7.373,515,28,487,0.855,15.732,461,53,408,1.619,14.083,54,1.650,28.166,5,5,13
2021,10180,44-45,410,582,9069,8984,32,5.442,44,7.483,862,186,676,2.070,9.595,706,162,544,1.803,7.858,156,1.736,15.717,22,22,75
2021,12060,11,132,132,732,729,15,11.538,11,8.462,116,33,83,4.530,15.923,109,23,86,3.157,14.962,7,0.961,29.925,6,6,8
2021,12060,23,11024,11158,131691,131465,1751,16.130,1146,10.557,18097,6522,11575,4.961,13.766,17544,4820,12724,3.666,13.345,553,0.421,26.690,783,783,3030
2021,12060,31-33,3348,3660,154908,156522,360,9.957,271,7.496,14250,4429,9821,2.830,9.104,17564,3858,13706,2.465,11.221,-3314,-2.117,18.208,177,177,1199
2021,12060,44-45,10766,17016,280263,280997,2100,12.570,1480,8.859,31141,12265,18876,4.365,11.082,32836,8014,24822,2.852,11.686,-1695,-0.603,22.165,780,853,3216
2022,10180,11,4,5,16,14,0,0.000,0,0.000,4,0,4,0.000,29.630,0,0,0,0.000,0.000,4,29.630,0.000,0,0,0
2022,10180,23,366,369,3415,3288,65,18.466,31,8.807,696,245,451,7.452,21.171,423,183,240,5.567,12.867,273,8.304,25.734,27,27,166
2022,10180,31-33,104,109,3640,3481,8,7.207,12,10.811,620,29,591,0.833,17.811,269,160,109,4.596,7.728,351,10.083,15.455,10,10,147
2022,10180,44-45,415,597,9531,9263,65,11.121,40,6.843,1489,391,1098,4.221,16.075,999,420,579,4.534,10.785,490,5.290,21.570,25,25,86
2022,12060,11,126,126,783,753,15,11.858,16,12.648,172,84,88,11.163,22.857,116,50,66,6.645,15.415,56,7.442,30.831,15,15,49
2022,12060,23,11452,11605,138963,135381,1757,15.443,1302,11.444,22900,7008,15892,5.177,16.915,15811,5648,10163,4.172,11.679,7089,5.236,23.358,1024,1024,4321
2022,12060,31-33,3459,3784,164552,160420,346,9.214,288,7.670,21575,4549,17026,2.836,13.449,13232,3948,9284,2.461,8.248,8343,5.201,16.497,213,213,1576
2022,12060,44-45,10856,17154,292731,286261,2038,11.977,1761,10.349,39947,12383,27564,4.326,13.955,27451,9322,18129,3.256,9.590,12496,4.365,19.179,1218,1248,5329
2023,10180,11,6,6,17,17,D,D,D,D,7,D,1,D,42.424,5,D,4,D,30.303,2,12.121,60.606,0,0,0
2023,10180,23,366,369,3501,3457,36,9.756,36,9.756,575,89,486,2.574,16.633,485,165,320,4.773,14.030,90,2.603,28.059,29,29,151
2023,10180,31-33,107,110,3717,3677,12,11.009,10,9.174,494,226,268,6.146,13.435,385,137,248,3.726,10.470,109,2.964,20.941,7,7,38
2023,10180,44-45,407,593,9032,9253,34,5.714,38,6.387,718,325,393,3.513,7.760,1177,250,927,2.702,12.721,-459,-4.961,15.520,31,31,178
2023,12060,11,126,126,718,751,18,14.286,18,14.286,103,43,60,5.730,13.724,176,137,39,18.254,23.451,-73,-9.727,27.448,16,16,132
2023,12060,23,11810,11978,145059,142242,1682,14.260,1316,11.157,24156,7282,16874,5.119,16.982,18434,6647,11787,4.673,12.960,5722,4.023,25.919,1114,1115,4951
2023,12060,31-33,3450,3781,164595,163562,298,7.895,285,7.551,19642,5408,14234,3.306,12.009,17217,3893,13324,2.380,10.526,2425,1.483,21.053,235,238,2202
2023,12060,44-45,10882,17240,297642,295705,1654,9.624,1546,8.996,29518,9114,20404,3.082,9.982,25696,7642,18054,2.584,8.690,3822,1.293,17.380,1279,1311,5146
