year,msa,sector,fagecoarse,firms,estabs,emp,denom,estabs_entry,estabs_entry_rate,estabs_exit,estabs_exit_rate,job_creation,job_creation_births,job_creation_continuers,job_creation_rate_births,job_creation_rate,job_destruction,job_destruction_deaths,job_destruction_continuers,job_destruction_rate_deaths,job_destruction_rate,net_job_creation,net_job_creation_rate,reallocation_rate,firmdeath_firms,firmdeath_estabs,firmdeath_emp
2010,10180,11,a) 0,0,0,0,0,0,N,X,X,0,0,X,N,N,X,X,X,X,X,0,N,X,X,X,X
2010,10180,11,b) 1 to 5,0,0,0,0,0,N,0,N,0,0,0,N,N,0,0,0,N,N,0,N,N,0,0,0
2010,10180,23,a) 0,20,20,63,32,20,200.000,X,X,63,63,X,200.000,200.000,X,X,X,X,X,63,200.000,X,X,X,X
2010,10180,23,b) 1 to 5,67,67,363,406,D,D,16,21.622,58,D,56,D,14.303,163,50,113,12.330,40.197,-105,-25.894,28.607,13,13,39
2010,10180,31-33,a) 0,3,3,4,2,3,200.000,X,X,4,4,X,200.000,200.000,X,X,X,X,X,4,200.000,X,X,X,X
2010,10180,31-33,b) 1 to 5,13,13,82,92,D,D,4,27.586,3,D,2,D,3.261,21,7,14,7.609,22.826,-18,-19.565,6.522,3,3,6
2010,10180,44-45,a) 0,32,33,208,104,33,200.000,X,X,208,208,X,200.000,200.000,X,X,X,X,X,208,200.000,X,X,X,X
2010,10180,44-45,b) 1 to 5,77,79,330,321,5,6.024,13,15.663,82,26,56,8.100,25.545,66,36,30,11.215,20.561,16,4.984,41.121,11,11,34
2010,12060,11,a) 0,11,11,26,13,11,200.000,X,X,26,26,X,200.000,200.000,X,X,X,X,X,26,200.000,X,X,X,X
2010,12060,11,b) 1 to 5,29,29,89,93,0,0.000,7,21.538,13,0,13,0.000,14.054,17,16,1,17.297,18.378,-4,-4.324,28.108,6,6,14
2010,12060,23,a) 0,632,632,1914,957,632,200.000,X,X,1914,1914,X,200.000,200.000,X,X,X,X,X,1914,200.000,X,X,X,X
2010,12060,23,b) 1 to 5,2403,2405,12480,14367,174,6.311,878,31.846,2798,447,2351,3.111,19.476,6610,3408,3202,23.722,46.010,-3812,-26.534,38.952,670,671,2926
2010,12060,31-33,a) 0,139,139,1460,730,139,200.000,X,X,1460,1460,X,200.000,200.000,X,X,X,X,X,1460,200.000,X,X,X,X
2010,12060,31-33,b) 1 to 5,592,593,4855,5581,23,3.459,167,25.113,951,335,616,6.003,17.040,2391,1663,728,29.798,42.842,-1440,-25.802,34.080,127,127,1534
2010,12060,44-45,a) 0,920,930,3839,1920,930,200.000,X,X,3839,3839,X,200.000,200.000,X,X,X,X,X,3839,200.000,X,X,X,X
2010,12060,44-45,b) 1 to 5,3111,3200,17039,18141,104,2.934,794,22.398,2857,444,2413,2.447,15.749,4974,2615,2359,14.415,27.419,-2117,-11.670,31.498,661,681,2335
2011,10180,11,a) 0,0,0,0,0,0,N,X,X,0,0,X,N,N,X,X,X,X,X,0,N,X,X,X,X
2011,10180,11,b) 1 to 5,0,0,0,0,0,N,0,N,0,0,0,N,N,0,0,0,N,N,0,N,N,0,0,0
2011,10180,23,a) 0,26,26,106,53,26,200.000,X,X,106,106,X,200.000,200.000,X,X,X,X,X,106,200.000,X,X,X,X
2011,10180,23,b) 1 to 5,60,60,272,286,D,D,15,22.388,57,D,56,D,19.965,78,33,45,11.559,27.320,-21,-7.356,39.930,11,11,21
2011,10180,31-33,a) 0,4,4,44,22,4,200.000,X,X,44,44,X,200.000,200.000,X,X,X,X,X,44,200.000,X,X,X,X
2011,10180,31-33,b) 1 to 5,12,12,86,85,0,0.000,3,22.222,6,0,6,0.000,7.059,4,3,1,3.529,4.706,2,2.353,9.412,3,3,3
2011,10180,44-45,a) 0,13,13,51,26,13,200.000,X,X,51,51,X,200.000,200.000,X,X,X,X,X,51,200.000,X,X,X,X
2011,10180,44-45,b) 1 to 5,83,85,485,476,D,D,16,17.297,91,D,90,D,19.138,72,33,39,6.940,15.142,19,3.996,30.284,13,13,30
2011,12060,11,a) 0,9,9,26,13,9,200.000,X,X,26,26,X,200.000,200.000,X,X,X,X,X,26,200.000,X,X,X,X
2011,12060,11,b) 1 to 5,30,30,76,84,D,D,7,21.212,8,D,7,D,9.524,24,18,6,21.429,28.571,-16,-19.048,19.048,5,5,15
2011,12060,23,a) 0,663,663,2655,1328,663,200.000,X,X,2655,2655,X,200.000,200.000,X,X,X,X,X,2655,200.000,X,X,X,X
2011,12060,23,b) 1 to 5,2100,2101,11009,11160,148,6.319,630,26.900,3241,336,2905,3.011,29.043,3537,2040,1497,18.280,31.695,-296,-2.652,58.085,444,444,1613
2011,12060,31-33,a) 0,181,181,1583,792,181,200.000,X,X,1583,1583,X,200.000,200.000,X,X,X,X,X,1583,200.000,X,X,X,X
2011,12060,31-33,b) 1 to 5,524,524,5608,5460,22,3.894,104,18.407,1358,49,1309,0.897,24.872,1081,476,605,8.718,19.799,277,5.073,39.597,77,77,337
2011,12060,44-45,a) 0,968,968,3794,1897,968,200.000,X,X,3794,3794,X,200.000,200.000,X,X,X,X,X,3794,200.000,X,X,X,X
2011,12060,44-45,b) 1 to 5,2951,3026,15031,15810,110,3.326,673,20.348,2802,434,2368,2.745,17.724,4394,2763,1631,17.477,27.793,-1592,-10.070,35.447,562,563,2317
2012,10180,11,a) 0,0,0,0,0,0,N,X,X,0,0,X,N,N,X,X,X,X,X,0,N,X,X,X,X
2012,10180,11,b) 1 to 5,0,0,0,0,0,N,0,N,0,0,0,N,N,0,0,0,N,N,0,N,N,0,0,0
2012,10180,23,a) 0,26,26,97,49,26,200.000,X,X,97,97,X,200.000,200.000,X,X,X,X,X,97,200.000,X,X,X,X
2012,10180,23,b) 1 to 5,76,76,368,354,4,5.128,8,10.256,107,13,94,3.672,30.226,77,37,40,10.452,21.751,30,8.475,43.503,7,7,36
2012,10180,31-33,a) 0,8,8,32,16,8,200.000,X,X,32,32,X,200.000,200.000,X,X,X,X,X,32,200.000,X,X,X,X
2012,10180,31-33,b) 1 to 5,15,15,129,130,0,0.000,D,D,8,0,8,0.000,6.178,11,D,9,D,8.494,-3,-2.317,12.355,0,0,0
2012,10180,44-45,a) 0,28,28,105,53,28,200.000,X,X,105,105,X,200.000,200.000,X,X,X,X,X,105,200.000,X,X,X,X
2012,10180,44-45,b) 1 to 5,77,79,521,515,3,3.636,10,12.121,92,6,86,1.165,17.864,79,23,56,4.466,15.340,13,2.524,30.680,9,9,17
2012,12060,11,a) 0,12,12,26,13,12,200.000,X,X,26,26,X,200.000,200.000,X,X,X,X,X,26,200.000,X,X,X,X
2012,12060,11,b) 1 to 5,34,34,95,91,3,9.091,D,D,25,4,21,4.420,27.624,17,D,16,D,18.785,8,8.840,37.569,0,0,0
2012,12060,23,a) 0,706,706,3015,1508,706,200.000,X,X,3015,3015,X,200.000,200.000,X,X,X,X,X,3015,200.000,X,X,X,X
2012,12060,23,b) 1 to 5,1949,1950,10339,10743,116,5.424,493,23.054,2503,252,2251,2.346,23.300,3283,1437,1846,13.377,30.561,-780,-7.261,46.600,355,355,1136
2012,12060,31-33,a) 0,192,192,1299,650,192,200.000,X,X,1299,1299,X,200.000,200.000,X,X,X,X,X,1299,200.000,X,X,X,X
2012,12060,31-33,b) 1 to 5,539,539,6581,6622,24,4.170,97,16.855,1233,78,1155,1.178,18.621,1362,878,484,13.260,20.569,-129,-1.948,37.242,79,79,824
2012,12060,44-45,a) 0,1055,1079,3656,1828,1079,200.000,X,X,3656,3656,X,200.000,200.000,X,X,X,X,X,3656,200.000,X,X,X,X
2012,12060,44-45,b) 1 to 5,2943,3019,15609,15942,112,3.420,623,19.026,2830,350,2480,2.195,17.752,3495,1896,1599,11.893,21.923,-665,-4.171,35.504,517,517,1573
2013,10180,11,a) 0,D,D,D,D,D,D,X,X,D,D,X,D,D,X,X,X,X,X,D,D,X,X,X,X
2013,10180,11,b) 1 to 5,0,0,0,0,0,N,0,N,0,0,0,N,N,0,0,0,N,N,0,N,N,0,0,0
2013,10180,23,a) 0,21,21,71,36,21,200.000,X,X,71,71,X,200.000,200.000,X,X,X,X,X,71,200.000,X,X,X,X
2013,10180,23,b) 1 to 5,69,69,791,728,D,D,22,27.673,269,D,268,D,36.976,138,75,63,10.309,18.969,131,18.007,37.938,17,17,68
2013,10180,31-33,a) 0,5,5,28,14,5,200.000,X,X,28,28,X,200.000,200.000,X,X,X,X,X,28,200.000,X,X,X,X
2013,10180,31-33,b) 1 to 5,16,16,160,144,0,0.000,D,D,50,0,50,0.000,34.843,16,D,13,D,11.150,34,23.693,22.300,D,D,D
2013,10180,44-45,a) 0,18,18,72,36,18,200.000,X,X,72,72,X,200.000,200.000,X,X,X,X,X,72,200.000,X,X,X,X
2013,10180,44-45,b) 1 to 5,85,86,616,597,D,D,12,13.115,131,D,125,D,21.961,94,39,55,6.538,15.759,37,6.203,31.517,9,9,33
2013,12060,11,a) 0,9,9,34,17,9,200.000,X,X,34,34,X,200.000,200.000,X,X,X,X,X,34,200.000,X,X,X,X
2013,12060,11,b) 1 to 5,33,33,94,102,0,0.000,6,16.667,9,0,9,0.000,8.867,28,13,15,12.808,27.586,-19,-18.719,17.734,4,4,11
2013,12060,23,a) 0,652,652,2044,1022,652,200.000,X,X,2044,2044,X,200.000,200.000,X,X,X,X,X,2044,200.000,X,X,X,X
2013,12060,23,b) 1 to 5,1927,1927,11612,11310,111,5.308,439,20.995,3252,535,2717,4.731,28.755,2575,1421,1154,12.565,22.768,677,5.986,45.537,285,285,1000
2013,12060,31-33,a) 0,154,154,818,409,154,200.000,X,X,818,818,X,200.000,200.000,X,X,X,X,X,818,200.000,X,X,X,X
2013,12060,31-33,b) 1 to 5,555,555,7401,7220,19,3.196,98,16.484,1338,106,1232,1.468,18.532,966,393,573,5.443,13.380,372,5.152,26.759,73,73,310
2013,12060,44-45,a) 0,1056,1057,3603,1802,1057,200.000,X,X,3603,3603,X,200.000,200.000,X,X,X,X,X,3603,200.000,X,X,X,X
2013,12060,44-45,b) 1 to 5,2935,3014,15540,16138,96,2.923,637,19.394,2639,264,2375,1.636,16.353,3758,2097,1661,12.994,23.287,-1119,-6.934,32.705,539,542,1856
2014,10180,11,a) 0,0,0,0,0,0,N,X,X,0,0,X,N,N,X,X,X,X,X,0,N,X,X,X,X
2014,10180,11,b) 1 to 5,D,D,D,D,D,D,D,D,D,D,D,D,D,D,D,D,D,D,D,D,D,0,0,0
2014,10180,23,a) 0,20,20,62,31,20,200.000,X,X,62,62,X,200.000,200.000,X,X,X,X,X,62,200.000,X,X,X,X
2014,10180,23,b) 1 to 5,66,66,656,720,5,7.194,12,17.266,66,8,58,1.112,9.173,185,70,115,9.729,25.712,-119,-16.539,18.346,9,9,57
2014,10180,31-33,a) 0,D,D,D,D,D,D,X,X,D,D,X,D,D,X,X,X,X,X,D,D,X,X,X,X
2014,10180,31-33,b) 1 to 5,20,20,182,186,0,0.000,D,D,21,0,21,0.000,11.290,30,D,29,D,16.129,-9,-4.839,22.581,D,D,D
2014,10180,44-45,a) 0,17,17,66,33,17,200.000,X,X,66,66,X,200.000,200.000,X,X,X,X,X,66,200.000,X,X,X,X
2014,10180,44-45,b) 1 to 5,72,73,543,584,D,D,14,17.722,40,D,34,D,6.849,129,66,63,11.301,22.089,-89,-15.240,13.699,12,12,37
2014,12060,11,a) 0,8,8,15,8,8,200.000,X,X,15,15,X,200.000,200.000,X,X,X,X,X,15,200.000,X,X,X,X
2014,12060,11,b) 1 to 5,30,30,113,110,0,0.000,7,20.896,23,0,23,0.000,20.909,17,9,8,8.182,15.455,6,5.455,30.909,6,6,10
2014,12060,23,a) 0,828,828,3197,1599,828,200.000,X,X,3197,3197,X,200.000,200.000,X,X,X,X,X,3197,200.000,X,X,X,X
2014,12060,23,b) 1 to 5,1963,1963,11403,11224,119,5.660,398,18.930,3248,365,2883,3.252,28.939,2941,1661,1280,14.799,26.204,307,2.735,52.408,281,281,1360
2014,12060,31-33,a) 0,178,181,1949,975,181,200.000,X,X,1949,1949,X,200.000,200.000,X,X,X,X,X,1949,200.000,X,X,X,X
2014,12060,31-33,b) 1 to 5,519,519,6331,6364,12,2.149,91,16.294,967,50,917,0.786,15.195,1039,456,583,7.165,16.326,-72,-1.131,30.390,71,71,344
2014,12060,44-45,a) 0,1025,1044,4464,2232,1044,200.000,X,X,4464,4464,X,200.000,200.000,X,X,X,X,X,4464,200.000,X,X,X,X
2014,12060,44-45,b) 1 to 5,2884,2942,15520,15946,80,2.472,668,20.643,2640,309,2331,1.938,16.556,3478,1985,1493,12.449,21.812,-838,-5.255,33.113,575,580,1729
2015,10180,11,a) 0,D,D,D,D,D,D,X,X,D,D,X,D,D,X,X,X,X,X,D,D,X,X,X,X
2015,10180,11,b) 1 to 5,D,D,D,D,D,D,D,D,D,D,D,D,D,D,D,D,D,D,D,D,D,0,0,0
2015,10180,23,a) 0,29,29,91,46,29,200.000,X,X,91,91,X,200.000,200.000,X,X,X,X,X,91,200.000,X,X,X,X
2015,10180,23,b) 1 to 5,71,71,799,754,D,D,12,15.789,163,D,160,D,21.632,69,37,32,4.910,9.157,94,12.475,18.315,9,9,28
2015,10180,31-33,a) 0,7,7,150,75,7,200.000,X,X,150,150,X,200.000,200.000,X,X,X,X,X,150,200.000,X,X,X,X
2015,10180,31-33,b) 1 to 5,17,17,154,167,0,0.000,D,D,16,0,16,0.000,9.610,39,D,17,D,23.423,-23,-13.814,19.219,D,D,D
2015,10180,44-45,a) 0,19,19,62,31,19,200.000,X,X,62,62,X,200.000,200.000,X,X,X,X,X,62,200.000,X,X,X,X
2015,10180,44-45,b) 1 to 5,67,68,510,508,D,D,10,13.793,87,D,85,D,17.126,91,38,53,7.480,17.913,-4,-0.787,34.252,10,10,38
2015,12060,11,a) 0,9,9,36,18,9,200.000,X,X,36,36,X,200.000,200.000,X,X,X,X,X,36,200.000,X,X,X,X
2015,12060,11,b) 1 to 5,27,27,87,102,D,D,6,20.339,27,D,26,D,26.601,53,31,22,30.542,52.217,-26,-25.616,53.202,6,6,31
2015,12060,23,a) 0,892,893,3187,1594,893,200.000,X,X,3187,3187,X,200.000,200.000,X,X,X,X,X,3187,200.000,X,X,X,X
2015,12060,23,b) 1 to 5,2218,2221,13666,13336,97,4.082,407,17.130,3434,283,3151,2.122,25.750,2740,1388,1352,10.408,20.546,694,5.204,41.092,273,273,954
2015,12060,31-33,a) 0,222,222,1321,661,222,200.000,X,X,1321,1321,X,200.000,200.000,X,X,X,X,X,1321,200.000,X,X,X,X
2015,12060,31-33,b) 1 to 5,562,567,7620,7255,18,2.975,94,15.537,1664,327,1337,4.508,22.937,913,449,464,6.189,12.585,751,10.352,25.171,74,74,384
2015,12060,44-45,a) 0,988,998,4504,2252,998,200.000,X,X,4504,4504,X,200.000,200.000,X,X,X,X,X,4504,200.000,X,X,X,X
2015,12060,44-45,b) 1 to 5,2969,3057,16332,16710,93,2.817,581,17.601,3082,352,2730,2.107,18.445,3807,1673,2134,10.012,22.783,-725,-4.339,36.889,486,486,1434
2016,10180,11,a) 0,D,D,D,D,D,D,X,X,D,D,X,D,D,X,X,X,X,X,D,D,X,X,X,X
2016,10180,11,b) 1 to 5,D,D,D,D,D,D,D,D,D,D,D,D,D,D,D,D,D,D,D,D,D,D,D,D
2016,10180,23,a) 0,31,31,102,51,31,200.000,X,X,102,102,X,200.000,200.000,X,X,X,X,X,102,200.000,X,X,X,X
2016,10180,23,b) 1 to 5,76,76,881,839,D,D,12,14.724,127,D,125,D,15.137,42,26,16,3.099,5.006,85,10.131,10.012,10,10,18
2016,10180,31-33,a) 0,5,5,14,7,5,200.000,X,X,14,14,X,200.000,200.000,X,X,X,X,X,14,200.000,X,X,X,X
2016,10180,31-33,b) 1 to 5,22,22,307,306,D,D,D,D,55,D,54,D,17.974,51,D,49,D,16.667,4,1.307,33.333,D,D,D
2016,10180,44-45,a) 0,21,21,147,74,21,200.000,X,X,147,147,X,200.000,200.000,X,X,X,X,X,147,200.000,X,X,X,X
2016,10180,44-45,b) 1 to 5,61,61,377,364,D,D,11,16.667,98,D,81,D,26.960,64,38,26,10.454,17.607,34,9.354,35.213,11,11,38
2016,12060,11,a) 0,17,17,76,38,17,200.000,X,X,76,76,X,200.000,200.000,X,X,X,X,X,76,200.000,X,X,X,X
2016,12060,11,b) 1 to 5,30,30,298,222,0,0.000,4,12.500,176,0,176,0.000,79.458,38,15,23,6.772,17.156,138,62.302,34.312,4,4,15
2016,12060,23,a) 0,945,948,3288,1644,948,200.000,X,X,3288,3288,X,200.000,200.000,X,X,X,X,X,3288,200.000,X,X,X,X
2016,12060,23,b) 1 to 5,2429,2431,15987,15468,92,3.526,448,17.171,3873,294,3579,1.901,25.039,2842,1316,1526,8.508,18.373,1031,6.665,36.747,337,337,1008
2016,12060,31-33,a) 0,187,187,1312,656,187,200.000,X,X,1312,1312,X,200.000,200.000,X,X,X,X,X,1312,200.000,X,X,X,X
2016,12060,31-33,b) 1 to 5,635,641,7176,6976,16,2.355,93,13.687,1202,101,1101,1.448,17.232,793,341,452,4.889,11.368,409,5.863,22.737,70,70,269
2016,12060,44-45,a) 0,1092,1095,4212,2106,1095,200.000,X,X,4212,4212,X,200.000,200.000,X,X,X,X,X,4212,200.000,X,X,X,X
2016,12060,44-45,b) 1 to 5,3032,3104,17228,17451,84,2.495,609,18.090,3195,578,2617,3.312,18.308,3616,2103,1513,12.051,20.721,-421,-2.412,36.617,515,519,1927
2017,10180,11,a) 0,D,D,D,D,D,D,X,X,D,D,X,D,D,X,X,X,X,X,D,D,X,X,X,X
2017,10180,11,b) 1 to 5,3,3,3,4,0,0.000,0,0.000,0,0,0,0.000,0.000,0,0,0,0.000,0.000,0,0.000,0.000,0,0,0
2017,10180,23,a) 0,25,25,69,35,25,200.000,X,X,69,69,X,200.000,200.000,X,X,X,X,X,69,200.000,X,X,X,X
2017,10180,23,b) 1 to 5,85,86,888,883,D,D,11,12.155,102,D,95,D,11.552,89,42,47,4.757,10.079,13,1.472,20.159,8,8,38
2017,10180,31-33,a) 0,6,6,226,113,6,200.000,X,X,226,226,X,200.000,200.000,X,X,X,X,X,226,200.000,X,X,X,X
2017,10180,31-33,b) 1 to 5,17,17,260,277,0,0.000,6,30.000,29,0,29,0.000,10.488,62,52,10,18.807,22.423,-33,-11.935,20.976,5,5,48
2017,10180,44-45,a) 0,18,20,72,36,20,200.000,X,X,72,72,X,200.000,200.000,X,X,X,X,X,72,200.000,X,X,X,X
2017,10180,44-45,b) 1 to 5,64,64,359,415,0,0.000,11,15.827,20,0,20,0.000,4.825,132,53,79,12.786,31.846,-112,-27.021,9.650,9,9,48
2017,12060,11,a) 0,12,12,22,11,12,200.000,X,X,22,22,X,200.000,200.000,X,X,X,X,X,22,200.000,X,X,X,X
2017,12060,11,b) 1 to 5,41,41,345,343,D,D,3,7.143,38,D,37,D,11.095,30,8,22,2.336,8.759,8,2.336,17.518,3,3,9
2017,12060,23,a) 0,1026,1027,3474,1737,1027,200.000,X,X,3474,3474,X,200.000,200.000,X,X,X,X,X,3474,200.000,X,X,X,X
2017,12060,23,b) 1 to 5,2638,2640,17106,16804,85,2.988,495,17.399,3834,720,3114,4.285,22.817,3248,1583,1665,9.421,19.329,586,3.487,38.659,336,336,1059
2017,12060,31-33,a) 0,202,203,1394,697,203,200.000,X,X,1394,1394,X,200.000,200.000,X,X,X,X,X,1394,200.000,X,X,X,X
2017,12060,31-33,b) 1 to 5,649,655,6962,6871,13,1.885,82,11.893,1231,30,1201,0.437,17.916,1017,417,600,6.069,14.801,214,3.115,29.603,65,65,290
2017,12060,44-45,a) 0,1034,1036,3664,1832,1036,200.000,X,X,3664,3664,X,200.000,200.000,X,X,X,X,X,3664,200.000,X,X,X,X
2017,12060,44-45,b) 1 to 5,3165,3215,16996,17643,79,2.278,585,16.869,2646,292,2354,1.655,14.997,3914,2007,1907,11.376,22.184,-1268,-7.187,29.995,478,492,1673
2018,10180,11,a) 0,0,0,0,0,0,N,X,X,0,0,X,N,N,X,X,X,X,X,0,N,X,X,X,X
2018,10180,11,b) 1 to 5,5,5,10,8,0,0.000,0,0.000,4,0,4,0.000,50.000,1,0,1,0.000,12.500,3,37.500,25.000,0,0,0
2018,10180,23,a) 0,33,33,118,59,33,200.000,X,X,118,118,X,200.000,200.000,X,X,X,X,X,118,200.000,X,X,X,X
2018,10180,23,b) 1 to 5,81,81,375,389,3,3.371,19,21.348,94,13,81,3.346,24.196,128,46,82,11.840,32.947,-34,-8.752,48.391,15,15,41
2018,10180,31-33,a) 0,8,8,53,27,8,200.000,X,X,53,53,X,200.000,200.000,X,X,X,X,X,53,200.000,X,X,X,X
2018,10180,31-33,b) 1 to 5,21,21,676,572,D,D,D,D,243,D,242,D,42.483,43,D,20,D,7.517,200,34.965,15.035,D,D,D
2018,10180,44-45,a) 0,20,20,54,27,20,200.000,X,X,54,54,X,200.000,200.000,X,X,X,X,X,54,200.000,X,X,X,X
2018,10180,44-45,b) 1 to 5,55,56,309,326,D,D,11,18.182,50,D,32,D,15.337,89,45,44,13.804,27.301,-39,-11.963,30.675,8,8,33
2018,12060,11,a) 0,17,17,49,25,17,200.000,X,X,49,49,X,200.000,200.000,X,X,X,X,X,49,200.000,X,X,X,X
2018,12060,11,b) 1 to 5,37,37,322,330,0,0.000,6,15.000,35,0,35,0.000,10.622,51,8,43,2.428,15.478,-16,-4.856,21.244,4,4,7
2018,12060,23,a) 0,1056,1056,3251,1626,1056,200.000,X,X,3251,3251,X,200.000,200.000,X,X,X,X,X,3251,200.000,X,X,X,X
2018,12060,23,b) 1 to 5,2818,2820,17005,17210,103,3.377,563,18.459,3291,271,3020,1.575,19.123,3659,1797,1862,10.442,21.261,-368,-2.138,38.245,392,392,1283
2018,12060,31-33,a) 0,177,178,1222,611,178,200.000,X,X,1222,1222,X,200.000,200.000,X,X,X,X,X,1222,200.000,X,X,X,X
2018,12060,31-33,b) 1 to 5,671,678,7051,6787,14,1.965,83,11.649,1560,157,1403,2.313,22.985,1018,449,569,6.616,14.999,542,7.986,29.999,70,70,329
2018,12060,44-45,a) 0,1009,1011,3847,1924,1011,200.000,X,X,3847,3847,X,200.000,200.000,X,X,X,X,X,3847,200.000,X,X,X,X
2018,12060,44-45,b) 1 to 5,3141,3190,17070,17444,78,2.258,606,17.545,2958,391,2567,2.242,16.958,3709,1982,1727,11.362,21.263,-751,-4.305,33.915,504,504,1697
2019,10180,11,a) 0,D,D,D,D,D,D,X,X,D,D,X,D,D,X,X,X,X,X,D,D,X,X,X,X
2019,10180,11,b) 1 to 5,D,D,D,D,D,D,D,D,D,D,D,D,D,D,D,D,D,D,D,D,D,D,D,D
2019,10180,23,a) 0,26,26,63,32,26,200.000,X,X,63,63,X,200.000,200.000,X,X,X,X,X,63,200.000,X,X,X,X
2019,10180,23,b) 1 to 5,92,92,484,473,D,D,16,16.162,103,D,101,D,21.799,77,32,45,6.772,16.296,26,5.503,32.593,13,13,27
2019,10180,31-33,a) 0,10,10,31,16,10,200.000,X,X,31,31,X,200.000,200.000,X,X,X,X,X,31,200.000,X,X,X,X
2019,10180,31-33,b) 1 to 5,22,22,634,675,0,0.000,5,20.408,47,0,47,0.000,6.963,130,11,119,1.630,19.259,-83,-12.296,13.926,5,5,11
2019,10180,44-45,a) 0,20,20,68,34,20,200.000,X,X,68,68,X,200.000,200.000,X,X,X,X,X,68,200.000,X,X,X,X
2019,10180,44-45,b) 1 to 5,60,61,311,300,D,D,8,12.403,63,D,56,D,21.035,45,27,18,9.015,15.025,18,6.010,30.050,7,7,22
2019,12060,11,a) 0,5,5,6,3,5,200.000,X,X,6,6,X,200.000,200.000,X,X,X,X,X,6,200.000,X,X,X,X
2019,12060,11,b) 1 to 5,40,40,397,364,D,D,6,14.118,98,D,97,D,26.960,32,12,20,3.301,8.803,66,18.157,17.607,6,6,12
2019,12060,23,a) 0,1118,1118,3214,1607,1118,200.000,X,X,3214,3214,X,200.000,200.000,X,X,X,X,X,3214,200.000,X,X,X,X
2019,12060,23,b) 1 to 5,3055,3057,17420,17532,121,3.679,584,17.759,3656,307,3349,1.751,20.853,3792,1902,1890,10.849,21.629,-136,-0.776,41.707,398,398,1457
2019,12060,31-33,a) 0,192,192,801,401,192,200.000,X,X,801,801,X,200.000,200.000,X,X,X,X,X,801,200.000,X,X,X,X
2019,12060,31-33,b) 1 to 5,678,686,8266,7726,10,1.369,99,13.552,2385,58,2327,0.751,30.870,1273,552,721,7.145,16.477,1112,14.393,32.954,82,82,485
2019,12060,44-45,a) 0,1000,1003,3958,1979,1003,200.000,X,X,3958,3958,X,200.000,200.000,X,X,X,X,X,3958,200.000,X,X,X,X
2019,12060,44-45,b) 1 to 5,3105,3156,17116,17655,80,2.328,641,18.653,2912,389,2523,2.203,16.494,4002,2118,1884,11.997,22.668,-1090,-6.174,32.989,534,537,1812
2020,10180,11,a) 0,0,0,0,0,0,N,X,X,0,0,X,N,N,X,X,X,X,X,0,N,X,X,X,X
2020,10180,11,b) 1 to 5,D,D,D,D,D,D,D,D,D,D,D,D,D,D,D,D,D,D,D,D,D,D,D,D
2020,10180,23,a) 0,23,23,60,30,23,200.000,X,X,60,60,X,200.000,200.000,X,X,X,X,X,60,200.000,X,X,X,X
2020,10180,23,b) 1 to 5,96,97,560,520,3,2.956,12,11.823,169,88,81,16.939,32.531,85,21,64,4.042,16.362,84,16.169,32.724,10,10,19
2020,10180,31-33,a) 0,5,5,41,21,5,200.000,X,X,41,41,X,200.000,200.000,X,X,X,X,X,41,200.000,X,X,X,X
2020,10180,31-33,b) 1 to 5,30,30,537,592,0,0.000,D,D,55,0,55,0.000,9.298,164,D,163,D,27.726,-109,-18.428,18.597,0,0,0
2020,10180,44-45,a) 0,26,26,115,58,26,200.000,X,X,115,115,X,200.000,200.000,X,X,X,X,X,115,200.000,X,X,X,X
2020,10180,44-45,b) 1 to 5,62,63,335,335,0,0.000,10,14.706,69,0,69,0.000,20.628,69,29,40,8.670,20.628,0,0.000,41.256,10,10,29
2020,12060,11,a) 0,14,14,25,13,14,200.000,X,X,25,25,X,200.000,200.000,X,X,X,X,X,25,200.000,X,X,X,X
2020,12060,11,b) 1 to 5,37,37,243,312,0,0.000,5,12.658,38,0,38,0.000,12.179,176,10,166,3.205,56.410,-138,-44.231,24.359,4,4,9
2020,12060,23,a) 0,1124,1125,3373,1687,1125,200.000,X,X,3373,3373,X,200.000,200.000,X,X,X,X,X,3373,200.000,X,X,X,X
2020,12060,23,b) 1 to 5,3182,3184,16143,16380,138,3.991,685,19.812,3073,373,2700,2.277,18.761,3507,2029,1478,12.387,21.410,-434,-2.650,37.521,465,465,1291
2020,12060,31-33,a) 0,182,182,1406,703,182,200.000,X,X,1406,1406,X,200.000,200.000,X,X,X,X,X,1406,200.000,X,X,X,X
2020,12060,31-33,b) 1 to 5,657,661,8012,7432,17,2.398,113,15.938,2154,100,2054,1.346,28.983,943,408,535,5.490,12.688,1211,16.294,25.377,84,84,315
2020,12060,44-45,a) 0,1048,1051,3818,1909,1051,200.000,X,X,3818,3818,X,200.000,200.000,X,X,X,X,X,3818,200.000,X,X,X,X
2020,12060,44-45,b) 1 to 5,3034,3066,16304,16958,81,2.423,634,18.968,2790,190,2600,1.120,16.453,4036,2144,1892,12.643,23.801,-1246,-7.348,32.906,514,514,1738
2021,10180,11,a) 0,D,D,D,D,D,D,X,X,D,D,X,D,D,X,X,X,X,X,D,D,X,X,X,X
2021,10180,11,b) 1 to 5,D,D,D,D,D,D,D,D,D,D,D,D,D,D,D,D,D,D,D,D,D,0,0,0
2021,10180,23,a) 0,29,29,86,43,29,200.000,X,X,86,86,X,200.000,200.000,X,X,X,X,X,86,200.000,X,X,X,X
2021,10180,23,b) 1 to 5,90,90,479,514,D,D,18,18.367,106,D,102,D,20.643,176,126,50,24.537,34.275,-70,-13.632,41.285,12,12,106
2021,10180,31-33,a) 0,5,5,23,12,5,200.000,X,X,23,23,X,200.000,200.000,X,X,X,X,X,23,200.000,X,X,X,X
2021,10180,31-33,b) 1 to 5,27,27,273,266,D,D,3,10.714,41,D,40,D,15.414,26,3,23,1.128,9.774,15,5.639,19.549,3,3,3
2021,10180,44-45,a) 0,21,21,98,49,21,200.000,X,X,98,98,X,200.000,200.000,X,X,X,X,X,98,200.000,X,X,X,X
2021,10180,44-45,b) 1 to 5,66,67,427,417,0,0.000,14,18.919,83,0,83,0.000,19.904,75,33,42,7.914,17.986,8,1.918,35.971,10,10,29
2021,12060,11,a) 0,13,13,30,15,13,200.000,X,X,30,30,X,200.000,200.000,X,X,X,X,X,30,200.000,X,X,X,X
2021,12060,11,b) 1 to 5,36,36,175,172,0,0.000,6,15.385,28,0,28,0.000,16.279,16,6,10,3.488,9.302,12,6.977,18.605,3,3,4
2021,12060,23,a) 0,1301,1301,4028,2014,1301,200.000,X,X,4028,4028,X,200.000,200.000,X,X,X,X,X,4028,200.000,X,X,X,X
2021,12060,23,b) 1 to 5,3383,3385,16368,16258,187,5.207,599,16.681,3583,635,2948,3.906,22.039,3292,1604,1688,9.866,20.249,291,1.790,40.498,419,419,1137
2021,12060,31-33,a) 0,246,246,1807,904,246,200.000,X,X,1807,1807,X,200.000,200.000,X,X,X,X,X,1807,200.000,X,X,X,X
2021,12060,31-33,b) 1 to 5,665,668,6987,7411,30,4.301,89,12.760,1439,201,1238,2.712,19.417,2333,394,1939,5.316,31.480,-894,-12.063,38.834,64,64,346
2021,12060,44-45,a) 0,1549,1549,5999,3000,1549,200.000,X,X,5999,5999,X,200.000,200.000,X,X,X,X,X,5999,200.000,X,X,X,X
2021,12060,44-45,b) 1 to 5,3175,3208,17247,17064,117,3.423,537,15.711,3666,392,3274,2.297,21.484,3294,1626,1668,9.529,19.304,372,2.180,38.608,418,418,1201
2022,10180,11,a) 0,0,0,0,0,0,N,X,X,0,0,X,N,N,X,X,X,X,X,0,N,X,X,X,X
2022,10180,11,b) 1 to 5,0,0,0,0,0,N,0,N,0,0,0,N,N,0,0,0,N,N,0,N,N,0,0,0
2022,10180,23,a) 0,52,52,198,99,52,200.000,X,X,198,198,X,200.000,200.000,X,X,X,X,X,198,200.000,X,X,X,X
2022,10180,23,b) 1 to 5,97,98,499,469,5,4.975,10,9.950,134,26,108,5.550,28.602,73,24,49,5.123,15.582,61,13.020,31.163,9,9,23
2022,10180,31-33,a) 0,5,5,10,5,5,200.000,X,X,10,10,X,200.000,200.000,X,X,X,X,X,10,200.000,X,X,X,X
2022,10180,31-33,b) 1 to 5,30,30,333,324,0,0.000,5,15.385,84,0,84,0.000,25.926,65,54,11,16.667,20.062,19,5.864,40.123,5,5,54
2022,10180,44-45,a) 0,30,32,190,95,32,200.000,X,X,190,190,X,200.000,200.000,X,X,X,X,X,190,200.000,X,X,X,X
2022,10180,44-45,b) 1 to 5,59,61,420,436,4,6.154,12,18.462,93,13,80,2.982,21.330,124,74,50,16.972,28.440,-31,-7.110,42.661,9,9,40
2022,12060,11,a) 0,10,10,48,24,10,200.000,X,X,48,48,X,200.000,200.000,X,X,X,X,X,48,200.000,X,X,X,X
2022,12060,11,b) 1 to 5,31,31,130,139,D,D,8,23.188,18,D,14,D,12.996,39,19,20,13.718,28.159,-21,-15.162,25.993,8,8,19
2022,12060,23,a) 0,1300,1300,3998,1999,1300,200.000,X,X,3998,3998,X,200.000,200.000,X,X,X,X,X,3998,200.000,X,X,X,X
2022,12060,23,b) 1 to 5,3579,3583,17679,17442,178,4.607,739,19.128,4302,851,3451,4.879,24.665,3863,2494,1369,14.299,22.148,439,2.517,44.297,617,617,2248
2022,12060,31-33,a) 0,215,216,1154,577,216,200.000,X,X,1154,1154,X,200.000,200.000,X,X,X,X,X,1154,200.000,X,X,X,X
2022,12060,31-33,b) 1 to 5,731,733,9580,8466,26,3.335,119,15.266,3464,789,2675,9.320,40.917,1224,628,596,7.418,14.458,2240,26.459,28.916,101,101,580
2022,12060,44-45,a) 0,1363,1384,5117,2559,1384,200.000,X,X,5117,5117,X,200.000,200.000,X,X,X,X,X,5117,200.000,X,X,X,X
2022,12060,44-45,b) 1 to 5,3348,3394,17942,18721,128,3.397,876,23.248,3719,427,3292,2.281,19.866,5364,3256,2108,17.393,28.653,-1645,-8.787,39.732,767,767,2987
2023,10180,11,a) 0,D,D,D,D,D,D,X,X,D,D,X,D,D,X,X,X,X,X,D,D,X,X,X,X
2023,10180,11,b) 1 to 5,0,0,0,0,0,N,0,N,0,0,0,N,N,0,0,0,N,N,0,N,N,0,0,0
2023,10180,23,a) 0,30,30,77,39,30,200.000,X,X,77,77,X,200.000,200.000,X,X,X,X,X,77,200.000,X,X,X,X
2023,10180,23,b) 1 to 5,119,120,639,635,D,D,16,12.549,152,D,150,D,23.937,137,68,69,10.709,21.575,15,2.362,43.150,15,15,62
2023,10180,31-33,a) 0,10,10,40,20,10,200.000,X,X,40,40,X,200.000,200.000,X,X,X,X,X,40,200.000,X,X,X,X
2023,10180,31-33,b) 1 to 5,23,23,175,180,0,0.000,6,23.077,22,0,22,0.000,12.222,34,18,16,10.000,18.889,-12,-6.667,24.444,5,5,9
2023,10180,44-45,a) 0,16,16,131,66,16,200.000,X,X,131,131,X,200.000,200.000,X,X,X,X,X,131,200.000,X,X,X,X
2023,10180,44-45,b) 1 to 5,68,70,456,498,3,3.947,15,19.737,76,5,71,1.005,15.276,161,73,88,14.673,32.362,-85,-17.085,30.553,12,12,52
2023,12060,11,a) 0,16,16,41,21,16,200.000,X,X,41,41,X,200.000,200.000,X,X,X,X,X,41,200.000,X,X,X,X
2023,12060,11,b) 1 to 5,26,26,115,117,D,D,9,30.000,21,D,20,D,18.026,24,19,5,16.309,20.601,-3,-2.575,36.052,8,8,18
2023,12060,23,a) 0,1294,1294,3764,1882,1294,200.000,X,X,3764,3764,X,200.000,200.000,X,X,X,X,X,3764,200.000,X,X,X,X
2023,12060,23,b) 1 to 5,3736,3739,18163,18049,126,3.122,721,17.862,3860,321,3539,1.779,21.387,3600,2047,1553,11.342,19.946,260,1.441,39.893,632,632,1866
2023,12060,31-33,a) 0,192,192,1285,643,192,200.000,X,X,1285,1285,X,200.000,200.000,X,X,X,X,X,1285,200.000,X,X,X,X
2023,12060,31-33,b) 1 to 5,717,723,7852,7998,23,2.987,117,15.195,1367,183,1184,2.288,17.093,1669,733,936,9.165,20.869,-302,-3.776,34.186,108,108,690
2023,12060,44-45,a) 0,1162,1165,3948,1974,1165,200.000,X,X,3948,3948,X,200.000,200.000,X,X,X,X,X,3948,200.000,X,X,X,X
2023,12060,44-45,b) 1 to 5,3458,3523,17648,18836,116,2.991,827,21.323,2732,334,2398,1.773,14.504,5144,2374,2770,12.604,27.309,-2412,-12.805,29.008,777,786,2277
