area_fips,own_code,industry_code,agglvl_code,size_code,year,qtr,disclosure_code,annual_avg_estabs,annual_avg_emplvl,total_annual_wages,taxable_annual_wages,annual_contributions,annual_avg_wkly_wage,avg_annual_pay,lq_disclosure_code,lq_annual_avg_estabs,lq_annual_avg_emplvl,lq_total_annual_wages,lq_taxable_annual_wages,lq_annual_contributions,lq_annual_avg_wkly_wage,lq_avg_annual_pay,oty_disclosure_code,oty_annual_avg_estabs_chg,oty_annual_avg_estabs_pct_chg,oty_annual_avg_emplvl_chg,oty_annual_avg_emplvl_pct_chg,oty_total_annual_wages_chg,oty_total_annual_wages_pct_chg,oty_taxable_annual_wages_chg,oty_taxable_annual_wages_pct_chg,oty_annual_contributions_chg,oty_annual_contributions_pct_chg,oty_annual_avg_wkly_wage_chg,oty_annual_avg_wkly_wage_pct_chg,oty_avg_annual_pay_chg,oty_avg_annual_pay_pct_chg,_source_url
48059,5,10,71,0,2022,A,,304,2113,111066131,25090204,432177,1011,52565,,0.94,0.87,0.91,1.00,1.00,1.04,1.04,,44,16.9,269,14.6,21530095,24.0,4837190,23.9,164951,61.7,77,8.2,3996,8.2,https://data.bls.gov/cew/data/api/2022/a/area/48059.csv
48059,5,11,74,0,2022,A,,7,34,1037869,398778,1235,586,30451,,2.16,1.44,1.40,1.35,0.18,0.98,0.98,,0,0.0,10,41.7,354303,51.8,152009,61.6,29,2.4,29,5.2,1466,5.1,https://data.bls.gov/cew/data/api/2022/a/area/48059.csv
48059,5,23,74,0,2022,A,,45,375,27282896,5623501,200997,1398,72706,,1.72,2.58,3.57,2.96,3.86,1.38,1.38,,7,18.4,178,90.4,14999370,122.1,3134555,125.9,141798,239.5,197,16.4,10274,16.5,https://data.bls.gov/cew/data/api/2022/a/area/48059.csv
48059,5,31-33,74,0,2022,A,,20,172,8280004,1883986,23599,926,48163,,1.82,0.72,0.61,0.68,0.51,0.85,0.85,,3,17.6,-5,-2.8,405581,5.2,-82257,-4.2,1291,5.8,69,8.1,3591,8.1,https://data.bls.gov/cew/data/api/2022/a/area/48059.csv
48059,5,44-45,74,0,2022,A,,38,544,31621758,6022414,64994,1117,58084,,1.24,1.87,3.75,2.16,1.81,2.00,2.00,,0,0.0,9,1.7,-3061132,-8.8,80593,1.4,5311,8.9,-130,-10.4,-6764,-10.4,https://data.bls.gov/cew/data/api/2022/a/area/48059.csv
48253,5,10,71,0,2022,A,,296,2080,96865692,24091105,317971,895,46561,,0.87,0.79,0.78,1.01,1.01,0.99,0.99,,6,2.1,0,0.0,7042930,7.8,812231,3.5,38740,13.9,65,7.8,3377,7.8,https://data.bls.gov/cew/data/api/2022/a/area/48253.csv
48253,5,11,74,0,2022,A,,30,123,5654934,1728004,25868,882,45851,,8.79,4.77,7.52,6.17,5.00,1.57,1.57,,0,0.0,-24,-16.3,-283492,-4.8,-257661,-13.0,-3278,-11.2,106,13.7,5522,13.7,https://data.bls.gov/cew/data/api/2022/a/area/48253.csv
48253,5,23,74,0,2022,A,,33,222,12265214,2892802,19640,1064,55332,,1.20,1.40,1.58,1.61,0.51,1.13,1.13,,3,10.0,3,1.4,643965,5.5,80095,2.8,1605,8.9,44,4.3,2267,4.3,https://data.bls.gov/cew/data/api/2022/a/area/48253.csv
48253,5,31-33,74,0,2022,A,,12,166,6204644,1552775,24087,721,37471,,1.04,0.63,0.45,0.59,0.70,0.70,0.70,,3,33.3,5,3.1,420942,7.3,-64874,-4.0,-402,-1.6,28,4.0,1435,4.0,https://data.bls.gov/cew/data/api/2022/a/area/48253.csv
48253,5,44-45,74,0,2022,A,,40,350,13900780,3543154,33073,763,39698,,1.24,1.10,1.62,1.34,1.25,1.47,1.47,,-1,-2.4,16,4.8,699438,5.3,327528,10.2,-829,-2.4,3,0.4,173,0.4,https://data.bls.gov/cew/data/api/2022/a/area/48253.csv
48441,5,10,71,0,2022,A,,3749,55323,2847461625,559397800,9502794,990,51470,,1.00,0.98,0.97,1.01,1.00,0.99,1.00,,45,1.2,2361,4.5,354797196,14.2,45794259,8.9,1216148,14.7,85,9.4,4405,9.4,https://data.bls.gov/cew/data/api/2022/a/area/48441.csv
48441,5,11,74,0,2022,A,,30,106,5482698,965334,9240,993,51642,,0.80,0.19,0.31,0.15,0.06,1.61,1.61,,0,0.0,-9,-7.8,-298852,-5.2,-192016,-16.6,-1046,-10.2,29,3.0,1513,3.0,https://data.bls.gov/cew/data/api/2022/a/area/48441.csv
48441,5,23,74,0,2022,A,,357,3109,176723355,38889033,636527,1093,56838,,1.18,0.92,0.97,0.93,0.56,1.05,1.05,,15,4.4,199,6.8,19006954,12.1,2881568,8.0,18681,3.0,51,4.9,2638,4.9,https://data.bls.gov/cew/data/api/2022/a/area/48441.csv
48441,5,31-33,74,0,2022,A,,123,3267,168500662,36581914,828011,992,51573,,0.96,0.58,0.51,0.60,0.81,0.88,0.88,,1,0.8,309,10.4,22015569,15.0,2194129,6.4,6543,0.8,40,4.2,2057,4.2,https://data.bls.gov/cew/data/api/2022/a/area/48441.csv
48441,5,44-45,74,0,2022,A,,524,8499,341045905,90541495,1292852,772,40127,,1.47,1.25,1.68,1.47,1.64,1.35,1.35,,6,1.2,690,8.8,55931421,19.6,17268281,23.6,307232,31.2,70,10.0,3616,9.9,https://data.bls.gov/cew/data/api/2022/a/area/48441.csv
48059,5,10,71,0,2023,A,,304,2181,121494395,25341737,310108,1071,55695,,0.94,0.88,0.92,1.00,1.00,1.05,1.05,,0,0.0,68,3.2,10428264,9.4,251533,1.0,-122069,-28.2,60,5.9,3130,6.0,https://data.bls.gov/cew/data/api/2023/a/area/48059.csv
48059,5,11,74,0,2023,A,,8,31,1031054,438878,1232,633,32906,,2.50,1.30,1.31,1.48,0.24,0.99,0.99,,1,14.3,-3,-8.8,-6815,-0.7,40100,10.1,-3,-0.2,47,8.0,2455,8.1,https://data.bls.gov/cew/data/api/2023/a/area/48059.csv
48059,5,23,74,0,2023,A,,45,343,28665713,5205229,117470,1608,83614,,1.73,2.27,3.36,2.64,3.00,1.48,1.48,,0,0.0,-32,-8.5,1382817,5.1,-418272,-7.4,-83527,-41.6,210,15.0,10908,15.0,https://data.bls.gov/cew/data/api/2023/a/area/48059.csv
48059,5,31-33,74,0,2023,A,,19,162,8226231,1774636,19439,976,50727,,1.73,0.66,0.56,0.64,0.60,0.84,0.84,,-1,-5.0,-10,-5.8,-53773,-0.6,-109350,-5.8,-4160,-17.6,50,5.4,2564,5.3,https://data.bls.gov/cew/data/api/2023/a/area/48059.csv
48059,5,44-45,74,0,2023,A,,37,543,31661027,6193962,48032,1121,58272,,1.23,1.84,3.57,2.25,1.90,1.94,1.94,,-1,-2.6,-1,-0.2,39269,0.1,171548,2.8,-16962,-26.1,4,0.4,188,0.3,https://data.bls.gov/cew/data/api/2023/a/area/48059.csv
48253,5,10,71,0,2023,A,,290,1947,91957692,22293591,321380,908,47232,,0.87,0.77,0.76,1.01,1.01,0.99,0.99,,-6,-2.0,-133,-6.4,-4908000,-5.1,-1797514,-7.5,3409,1.1,13,1.5,671,1.4,https://data.bls.gov/cew/data/api/2023/a/area/48253.csv
48253,5,11,74,0,2023,A,,31,113,5139366,1346446,15588,871,45314,,9.42,4.68,7.12,5.21,2.92,1.51,1.51,,1,3.3,-10,-8.1,-515568,-9.1,-381558,-22.1,-10280,-39.7,-11,-1.2,-537,-1.2,https://data.bls.gov/cew/data/api/2023/a/area/48253.csv
48253,5,23,74,0,2023,A,,29,127,6331502,1530897,12147,957,49789,,1.08,0.83,0.81,0.89,0.30,0.98,0.98,,-4,-12.1,-95,-42.8,-5933712,-48.4,-1361905,-47.1,-7493,-38.2,-107,-10.1,-5543,-10.0,https://data.bls.gov/cew/data/api/2023/a/area/48253.csv
48253,5,31-33,74,0,2023,A,,12,169,6813167,1997220,30804,776,40334,,1.06,0.68,0.50,0.83,0.92,0.74,0.74,,0,0.0,3,1.8,608523,9.8,444445,28.6,6717,27.9,55,7.6,2863,7.6,https://data.bls.gov/cew/data/api/2023/a/area/48253.csv
48253,5,44-45,74,0,2023,A,,42,359,14095717,3602549,27239,755,39264,,1.36,1.20,1.74,1.50,1.04,1.45,1.45,,2,5.0,9,2.6,194937,1.4,59395,1.7,-5834,-17.6,-8,-1.0,-434,-1.1,https://data.bls.gov/cew/data/api/2023/a/area/48253.csv
48441,5,10,71,0,2023,A,,3777,56696,3059765868,568651883,7795027,1038,53968,,1.00,0.98,0.98,1.01,1.01,1.00,1.00,,28,0.7,1373,2.5,212304243,7.5,9254083,1.7,-1707767,-18.0,48,4.8,2498,4.9,https://data.bls.gov/cew/data/api/2023/a/area/48441.csv
48441,5,11,74,0,2023,A,,29,105,5845745,922640,7058,1073,55807,,0.77,0.19,0.31,0.14,0.05,1.65,1.65,,-1,-3.3,-1,-0.9,363047,6.6,-42694,-4.4,-2182,-23.6,80,8.1,4165,8.1,https://data.bls.gov/cew/data/api/2023/a/area/48441.csv
48441,5,23,74,0,2023,A,,368,3333,205173209,44239678,698227,1184,61555,,1.21,0.95,1.02,1.01,0.71,1.07,1.07,,11,3.1,224,7.2,28449854,16.1,5350645,13.8,61700,9.7,91,8.3,4717,8.3,https://data.bls.gov/cew/data/api/2023/a/area/48441.csv
48441,5,31-33,74,0,2023,A,,127,3098,169226373,35828332,647180,1050,54623,,0.99,0.55,0.49,0.58,0.80,0.89,0.89,,4,3.3,-169,-5.2,725711,0.4,-753582,-2.1,-180831,-21.8,58,5.8,3050,5.9,https://data.bls.gov/cew/data/api/2023/a/area/48441.csv
48441,5,44-45,74,0,2023,A,,513,8455,338941860,84001864,878986,771,40088,,1.46,1.24,1.62,1.37,1.39,1.31,1.31,,-11,-2.1,-44,-0.5,-2104045,-0.6,-6539631,-7.2,-413866,-32.0,-1,-0.1,-39,-0.1,https://data.bls.gov/cew/data/api/2023/a/area/48441.csv
48059,2,101,72,0,2022,A,N,1,0,0,0,0,0,0,N,18.01,0,0,0,0,0,0,N,0,0.0,0,0,0,0,0,0,0,0,0,0,0,0,https://data.bls.gov/cew/data/api/2022/a/area/48059.csv
48059,2,1012,73,0,2022,A,N,1,0,0,0,0,0,0,N,19.69,0,0,0,0,0,0,N,0,0.0,0,0,0,0,0,0,0,0,0,0,0,0,https://data.bls.gov/cew/data/api/2022/a/area/48059.csv
48059,2,102,72,0,2022,A,N,4,0,0,0,0,0,0,N,2.00,0,0,0,0,0,0,N,0,0.0,0,0,0,0,0,0,0,0,0,0,0,0,https://data.bls.gov/cew/data/api/2022/a/area/48059.csv
48059,2,1028,73,0,2022,A,N,4,0,0,0,0,0,0,N,2.74,0,0,0,0,0,0,N,0,0.0,0,0,0,0,0,0,0,0,0,0,0,0,https://data.bls.gov/cew/data/api/2022/a/area/48059.csv
48059,2,23,74,0,2022,A,N,1,0,0,0,0,0,0,N,19.69,0,0,0,0,0,0,N,0,0.0,0,0,0,0,0,0,0,0,0,0,0,0,https://data.bls.gov/cew/data/api/2022/a/area/48059.csv
48059,2,237,75,0,2022,A,N,1,0,0,0,0,0,0,N,19.72,0,0,0,0,0,0,N,0,0.0,0,0,0,0,0,0,0,0,0,0,0,0,https://data.bls.gov/cew/data/api/2022/a/area/48059.csv
