variable,startup_rate,employment_growth,establishment_growth,payroll_growth,wage_growth,acs_population_growth,median_household_income,educational_attainment_pct,labor_force_participation_pct,unemployment_rate
startup_rate,1,0.098772205,0.088106846,0.076716408,0.014215707,0.048588064,0.15726057,0.1382711,0.016205832,-0.047206395
employment_growth,0.098772205,1,0.19546998,0.7139155,-0.037548519,0.014312506,0.037836835,0.023514404,-0.0039746658,0.0082651728
establishment_growth,0.088106846,0.19546998,1,0.11154082,-0.045497376,0.011763005,0.048052229,0.028735314,-0.0079524834,-0.020090979
payroll_growth,0.076716408,0.7139155,0.11154082,1,0.6205436,0.0059799823,0.075717126,0.038394073,-0.023766429,-0.054004001
wage_growth,0.014215707,-0.037548519,-0.045497376,0.6205436,1,-0.0078477083,0.083996412,0.038735632,-0.030874718,-0.099477435
acs_population_growth,0.048588064,0.014312506,0.011763005,0.0059799823,-0.0078477083,1,-0.0042325909,0.023051004,0.023229603,0.011633058
median_household_income,0.15726057,0.037836835,0.048052229,0.075717126,0.083996412,-0.0042325909,1,0.61278722,0.37890747,-0.51977359
educational_attainment_pct,0.1382711,0.023514404,0.028735314,0.038394073,0.038735632,0.023051004,0.61278722,1,0.44427962,-0.45029266
labor_force_participation_pct,0.016205832,-0.0039746658,-0.0079524834,-0.023766429,-0.030874718,0.023229603,0.37890747,0.44427962,1,-0.28556679
unemployment_rate,-0.047206395,0.0082651728,-0.020090979,-0.054004001,-0.099477435,0.011633058,-0.51977359,-0.45029266,-0.28556679,1
