year,sector_code,quadrant,observation_count,msa_count,percent_within_group
2011,11,high_growth_high_startup,36,36,50
2011,11,low_growth_high_startup,36,36,50
2011,21,high_growth_high_startup,51,51,50.49505
2011,21,low_growth_high_startup,50,50,49.50495
2011,22,high_growth_high_startup,59,59,50.42735
2011,22,low_growth_high_startup,58,58,49.57265
2011,23,high_growth_high_startup,81,81,24.471299
2011,23,high_growth_low_startup,85,85,25.679758
2011,23,low_growth_high_startup,83,83,25.075529
2011,23,low_growth_low_startup,82,82,24.773414
2011,31-33,high_growth_high_startup,70,70,23.648649
2011,31-33,high_growth_low_startup,78,78,26.351351
2011,31-33,low_growth_high_startup,79,79,26.689189
2011,31-33,low_growth_low_startup,69,69,23.310811
2011,42,high_growth_high_startup,53,53,24.200913
2011,42,high_growth_low_startup,57,57,26.027397
2011,42,low_growth_high_startup,57,57,26.027397
2011,42,low_growth_low_startup,52,52,23.744292
2011,44-45,high_growth_high_startup,104,104,27.956989
2011,44-45,high_growth_low_startup,82,82,22.043011
2011,44-45,low_growth_high_startup,82,82,22.043011
2011,44-45,low_growth_low_startup,104,104,27.956989
2011,48-49,high_growth_high_startup,54,54,29.189189
2011,48-49,high_growth_low_startup,39,39,21.081081
2011,48-49,low_growth_high_startup,40,40,21.621622
2011,48-49,low_growth_low_startup,52,52,28.108108
2011,51,high_growth_high_startup,55,55,28.061224
2011,51,high_growth_low_startup,43,43,21.938776
2011,51,low_growth_high_startup,44,44,22.44898
2011,51,low_growth_low_startup,54,54,27.55102
2011,52,high_growth_high_startup,85,85,28.52349
2011,52,high_growth_low_startup,64,64,21.47651
2011,52,low_growth_high_startup,64,64,21.47651
2011,52,low_growth_low_startup,85,85,28.52349
2011,53,high_growth_high_startup,84,84,27.540984
2011,53,high_growth_low_startup,69,69,22.622951
2011,53,low_growth_high_startup,68,68,22.295082
2011,53,low_growth_low_startup,84,84,27.540984
2011,54,high_growth_high_startup,70,70,27.45098
2011,54,high_growth_low_startup,58,58,22.745098
2011,54,low_growth_high_startup,60,60,23.529412
2011,54,low_growth_low_startup,67,67,26.27451
2011,55,high_growth_high_startup,71,71,50.35461
2011,55,low_growth_high_startup,70,70,49.64539
2011,56,high_growth_high_startup,56,56,22.310757
2011,56,high_growth_low_startup,70,70,27.888446
2011,56,low_growth_high_startup,70,70,27.888446
2011,56,low_growth_low_startup,55,55,21.912351
2011,61,high_growth_high_startup,45,45,29.801325
2011,61,high_growth_low_startup,31,31,20.529801
2011,61,low_growth_high_startup,32,32,21.192053
2011,61,low_growth_low_startup,43,43,28.476821
2011,62,high_growth_high_startup,69,69,29.613734
2011,62,high_growth_low_startup,48,48,20.600858
2011,62,low_growth_high_startup,49,49,21.030043
2011,62,low_growth_low_startup,67,67,28.755365
2011,71,high_growth_high_startup,65,65,27.542373
2011,71,high_growth_low_startup,53,53,22.457627
2011,71,low_growth_high_startup,54,54,22.881356
2011,71,low_growth_low_startup,64,64,27.118644
2011,72,high_growth_high_startup,96,96,31.893688
2011,72,high_growth_low_startup,55,55,18.272425
2011,72,low_growth_high_startup,54,54,17.940199
2011,72,low_growth_low_startup,96,96,31.893688
2011,81,high_growth_high_startup,84,84,25.531915
2011,81,high_growth_low_startup,81,81,24.620061
2011,81,low_growth_high_startup,80,80,24.316109
2011,81,low_growth_low_startup,84,84,25.531915
2012,11,high_growth_high_startup,18,18,20.224719
2012,11,high_growth_low_startup,27,27,30.337079
2012,11,low_growth_high_startup,25,25,28.089888
2012,11,low_growth_low_startup,19,19,21.348315
2012,21,high_growth_high_startup,50,50,50.505051
2012,21,low_growth_high_startup,49,49,49.494949
2012,22,high_growth_high_startup,56,56,50
2012,22,low_growth_high_startup,56,56,50
2012,23,high_growth_high_startup,94,94,27.893175
2012,23,high_growth_low_startup,75,75,22.255193
2012,23,low_growth_high_startup,76,76,22.551929
2012,23,low_growth_low_startup,92,92,27.299703
2012,31-33,high_growth_high_startup,84,84,28.378378
2012,31-33,high_growth_low_startup,64,64,21.621622
2012,31-33,low_growth_high_startup,65,65,21.959459
2012,31-33,low_growth_low_startup,83,83,28.040541
2012,42,high_growth_high_startup,48,48,22.535211
2012,42,high_growth_low_startup,59,59,27.699531
2012,42,low_growth_high_startup,59,59,27.699531
2012,42,low_growth_low_startup,47,47,22.065728
2012,44-45,high_growth_high_startup,100,100,26.88172
2012,44-45,high_growth_low_startup,86,86,23.11828
2012,44-45,low_growth_high_startup,86,86,23.11828
2012,44-45,low_growth_low_startup,100,100,26.88172
2012,48-49,high_growth_high_startup,58,58,31.351351
2012,48-49,high_growth_low_startup,35,35,18.918919
2012,48-49,low_growth_high_startup,36,36,19.459459
2012,48-49,low_growth_low_startup,56,56,30.27027
2012,51,high_growth_high_startup,58,58,30.051813
2012,51,high_growth_low_startup,39,39,20.207254
2012,51,low_growth_high_startup,39,39,20.207254
2012,51,low_growth_low_startup,57,57,29.533679
2012,52,high_growth_high_startup,82,82,28.671329
2012,52,high_growth_low_startup,61,61,21.328671
2012,52,low_growth_high_startup,61,61,21.328671
2012,52,low_growth_low_startup,82,82,28.671329
2012,53,high_growth_high_startup,80,80,26.936027
2012,53,high_growth_low_startup,69,69,23.232323
2012,53,low_growth_high_startup,66,66,22.222222
2012,53,low_growth_low_startup,82,82,27.609428
2012,54,high_growth_high_startup,70,70,28.806584
2012,54,high_growth_low_startup,52,52,21.399177
2012,54,low_growth_high_startup,53,53,21.8107
2012,54,low_growth_low_startup,68,68,27.983539
2012,55,high_growth_high_startup,70,70,50.359712
2012,55,low_growth_high_startup,69,69,49.640288
2012,56,high_growth_high_startup,64,64,26.229508
2012,56,high_growth_low_startup,58,58,23.770492
2012,56,low_growth_high_startup,56,56,22.95082
2012,56,low_growth_low_startup,66,66,27.04918
2012,61,high_growth_high_startup,44,44,28.75817
2012,61,high_growth_low_startup,33,33,21.568627
2012,61,low_growth_high_startup,32,32,20.915033
2012,61,low_growth_low_startup,44,44,28.75817
2012,62,high_growth_high_startup,65,65,27.896996
2012,62,high_growth_low_startup,52,52,22.317597
2012,62,low_growth_high_startup,53,53,22.746781
2012,62,low_growth_low_startup,63,63,27.038627
2012,71,high_growth_high_startup,55,55,24.444444
2012,71,high_growth_low_startup,58,58,25.777778
2012,71,low_growth_high_startup,56,56,24.888889
2012,71,low_growth_low_startup,56,56,24.888889
2012,72,high_growth_high_startup,85,85,28.619529
2012,72,high_growth_low_startup,64,64,21.548822
2012,72,low_growth_high_startup,61,61,20.538721
2012,72,low_growth_low_startup,87,87,29.292929
2012,81,high_growth_high_startup,95,95,29.230769
2012,81,high_growth_low_startup,68,68,20.923077
2012,81,low_growth_high_startup,65,65,20
2012,81,low_growth_low_startup,97,97,29.846154
2013,11,high_growth_high_startup,38,38,50.666667
2013,11,low_growth_high_startup,37,37,49.333333
2013,21,high_growth_high_startup,52,52,50.485437
2013,21,low_growth_high_startup,51,51,49.514563
2013,22,high_growth_high_startup,56,56,50.45045
2013,22,low_growth_high_startup,55,55,49.54955
2013,23,high_growth_high_startup,104,104,30.678466
2013,23,high_growth_low_startup,66,66,19.469027
2013,23,low_growth_high_startup,66,66,19.469027
2013,23,low_growth_low_startup,103,103,30.383481
2013,31-33,high_growth_high_startup,90,90,30.612245
2013,31-33,high_growth_low_startup,57,57,19.387755
2013,31-33,low_growth_high_startup,57,57,19.387755
2013,31-33,low_growth_low_startup,90,90,30.612245
2013,42,high_growth_high_startup,58,58,28.019324
2013,42,high_growth_low_startup,46,46,22.222222
2013,42,low_growth_high_startup,50,50,24.154589
2013,42,low_growth_low_startup,53,53,25.603865
2013,44-45,high_growth_high_startup,109,109,29.301075
2013,44-45,high_growth_low_startup,77,77,20.698925
2013,44-45,low_growth_high_startup,76,76,20.430108
2013,44-45,low_growth_low_startup,110,110,29.569892
2013,48-49,high_growth_high_startup,48,48,25.806452
2013,48-49,high_growth_low_startup,45,45,24.193548
2013,48-49,low_growth_high_startup,45,45,24.193548
2013,48-49,low_growth_low_startup,48,48,25.806452
2013,51,high_growth_high_startup,59,59,28.640777
2013,51,high_growth_low_startup,44,44,21.359223
2013,51,low_growth_high_startup,45,45,21.84466
2013,51,low_growth_low_startup,58,58,28.15534
2013,52,high_growth_high_startup,85,85,29.209622
2013,52,high_growth_low_startup,61,61,20.962199
2013,52,low_growth_high_startup,62,62,21.305842
2013,52,low_growth_low_startup,83,83,28.522337
2013,53,high_growth_high_startup,84,84,28
2013,53,high_growth_low_startup,66,66,22
2013,53,low_growth_high_startup,65,65,21.666667
2013,53,low_growth_low_startup,85,85,28.333333
2013,54,high_growth_high_startup,70,70,29.535865
2013,54,high_growth_low_startup,49,49,20.675105
2013,54,low_growth_high_startup,48,48,20.253165
2013,54,low_growth_low_startup,70,70,29.535865
2013,55,high_growth_high_startup,69,69,50.364964
2013,55,low_growth_high_startup,68,68,49.635036
2013,56,high_growth_high_startup,69,69,28.75
2013,56,high_growth_low_startup,51,51,21.25
2013,56,low_growth_high_startup,52,52,21.666667
2013,56,low_growth_low_startup,68,68,28.333333
2013,61,high_growth_high_startup,47,47,30.519481
2013,61,high_growth_low_startup,30,30,19.480519
2013,61,low_growth_high_startup,31,31,20.12987
2013,61,low_growth_low_startup,46,46,29.87013
2013,62,high_growth_high_startup,68,68,28.571429
2013,62,high_growth_low_startup,51,51,21.428571
2013,62,low_growth_high_startup,50,50,21.008403
2013,62,low_growth_low_startup,69,69,28.991597
2013,71,high_growth_high_startup,68,68,27.642276
2013,71,high_growth_low_startup,55,55,22.357724
2013,71,low_growth_high_startup,54,54,21.95122
2013,71,low_growth_low_startup,69,69,28.04878
2013,72,high_growth_high_startup,88,88,29.72973
2013,72,high_growth_low_startup,60,60,20.27027
2013,72,low_growth_high_startup,60,60,20.27027
2013,72,low_growth_low_startup,88,88,29.72973
2013,81,high_growth_high_startup,79,79,24.610592
2013,81,high_growth_low_startup,82,82,25.545171
2013,81,low_growth_high_startup,82,82,25.545171
2013,81,low_growth_low_startup,78,78,24.299065
2014,11,high_growth_high_startup,45,45,50.561798
2014,11,low_growth_high_startup,44,44,49.438202
2014,21,high_growth_high_startup,53,53,50.47619
2014,21,low_growth_high_startup,52,52,49.52381
2014,22,high_growth_high_startup,56,56,50.45045
2014,22,low_growth_high_startup,55,55,49.54955
2014,23,high_growth_high_startup,102,102,30.177515
2014,23,high_growth_low_startup,67,67,19.822485
2014,23,low_growth_high_startup,66,66,19.526627
2014,23,low_growth_low_startup,103,103,30.473373
2014,31-33,high_growth_high_startup,92,92,30.065359
2014,31-33,high_growth_low_startup,61,61,19.934641
2014,31-33,low_growth_high_startup,62,62,20.261438
2014,31-33,low_growth_low_startup,91,91,29.738562
2014,42,high_growth_high_startup,55,55,26.315789
2014,42,high_growth_low_startup,50,50,23.923445
2014,42,low_growth_high_startup,51,51,24.401914
2014,42,low_growth_low_startup,53,53,25.358852
2014,44-45,high_growth_high_startup,116,116,31.182796
2014,44-45,high_growth_low_startup,70,70,18.817204
2014,44-45,low_growth_high_startup,69,69,18.548387
2014,44-45,low_growth_low_startup,117,117,31.451613
2014,48-49,high_growth_high_startup,52,52,28.26087
2014,48-49,high_growth_low_startup,40,40,21.73913
2014,48-49,low_growth_high_startup,43,43,23.369565
2014,48-49,low_growth_low_startup,49,49,26.630435
2014,51,high_growth_high_startup,66,66,33.333333
2014,51,high_growth_low_startup,33,33,16.666667
2014,51,low_growth_high_startup,36,36,18.181818
2014,51,low_growth_low_startup,63,63,31.818182
2014,52,high_growth_high_startup,91,91,31.37931
2014,52,high_growth_low_startup,54,54,18.62069
2014,52,low_growth_high_startup,57,57,19.655172
2014,52,low_growth_low_startup,88,88,30.344828
2014,53,high_growth_high_startup,92,92,29.773463
2014,53,high_growth_low_startup,63,63,20.38835
2014,53,low_growth_high_startup,64,64,20.711974
2014,53,low_growth_low_startup,90,90,29.126214
2014,54,high_growth_high_startup,68,68,27.983539
2014,54,high_growth_low_startup,54,54,22.222222
2014,54,low_growth_high_startup,55,55,22.633745
2014,54,low_growth_low_startup,66,66,27.160494
2014,55,high_growth_high_startup,73,73,50
2014,55,low_growth_high_startup,73,73,50
2014,56,high_growth_high_startup,64,64,26.229508
2014,56,high_growth_low_startup,58,58,23.770492
2014,56,low_growth_high_startup,60,60,24.590164
2014,56,low_growth_low_startup,62,62,25.409836
2014,61,high_growth_high_startup,46,46,28.220859
2014,61,high_growth_low_startup,36,36,22.08589
2014,61,low_growth_high_startup,37,37,22.699387
2014,61,low_growth_low_startup,44,44,26.993865
2014,62,high_growth_high_startup,81,81,33.891213
2014,62,high_growth_low_startup,39,39,16.317992
2014,62,low_growth_high_startup,39,39,16.317992
2014,62,low_growth_low_startup,80,80,33.472803
2014,71,high_growth_high_startup,60,60,25.974026
2014,71,high_growth_low_startup,56,56,24.242424
2014,71,low_growth_high_startup,54,54,23.376623
2014,71,low_growth_low_startup,61,61,26.406926
2014,72,high_growth_high_startup,92,92,30.564784
2014,72,high_growth_low_startup,59,59,19.601329
2014,72,low_growth_high_startup,59,59,19.601329
2014,72,low_growth_low_startup,91,91,30.232558
2014,81,high_growth_high_startup,102,102,31.775701
2014,81,high_growth_low_startup,59,59,18.380062
2014,81,low_growth_high_startup,58,58,18.068536
2014,81,low_growth_low_startup,102,102,31.775701
2015,11,high_growth_high_startup,23,23,27.710843
2015,11,high_growth_low_startup,19,19,22.891566
2015,11,low_growth_high_startup,18,18,21.686747
2015,11,low_growth_low_startup,23,23,27.710843
2015,21,high_growth_high_startup,51,51,50
2015,21,low_growth_high_startup,51,51,50
2015,22,high_growth_high_startup,62,62,50
2015,22,low_growth_high_startup,62,62,50
2015,23,high_growth_high_startup,108,108,32.047478
2015,23,high_growth_low_startup,61,61,18.10089
2015,23,low_growth_high_startup,65,65,19.287834
2015,23,low_growth_low_startup,103,103,30.563798
2015,31-33,high_growth_high_startup,77,77,25.752508
2015,31-33,high_growth_low_startup,73,73,24.414716
2015,31-33,low_growth_high_startup,72,72,24.080268
2015,31-33,low_growth_low_startup,77,77,25.752508
2015,42,high_growth_high_startup,63,63,30.731707
2015,42,high_growth_low_startup,40,40,19.512195
2015,42,low_growth_high_startup,39,39,19.02439
2015,42,low_growth_low_startup,63,63,30.731707
2015,44-45,high_growth_high_startup,107,107,28.99729
2015,44-45,high_growth_low_startup,78,78,21.138211
2015,44-45,low_growth_high_startup,78,78,21.138211
2015,44-45,low_growth_low_startup,106,106,28.726287
2015,48-49,high_growth_high_startup,56,56,28.865979
2015,48-49,high_growth_low_startup,41,41,21.134021
2015,48-49,low_growth_high_startup,43,43,22.164948
2015,48-49,low_growth_low_startup,54,54,27.835052
2015,51,high_growth_high_startup,58,58,29
2015,51,high_growth_low_startup,42,42,21
2015,51,low_growth_high_startup,43,43,21.5
2015,51,low_growth_low_startup,57,57,28.5
2015,52,high_growth_high_startup,85,85,28.716216
2015,52,high_growth_low_startup,63,63,21.283784
2015,52,low_growth_high_startup,64,64,21.621622
2015,52,low_growth_low_startup,84,84,28.378378
2015,53,high_growth_high_startup,83,83,27.759197
2015,53,high_growth_low_startup,67,67,22.408027
2015,53,low_growth_high_startup,66,66,22.073579
2015,53,low_growth_low_startup,83,83,27.759197
2015,54,high_growth_high_startup,76,76,30.4
2015,54,high_growth_low_startup,49,49,19.6
2015,54,low_growth_high_startup,53,53,21.2
2015,54,low_growth_low_startup,72,72,28.8
2015,55,high_growth_high_startup,70,70,50.359712
2015,55,low_growth_high_startup,69,69,49.640288
2015,56,high_growth_high_startup,72,72,27.906977
2015,56,high_growth_low_startup,57,57,22.093023
2015,56,low_growth_high_startup,59,59,22.868217
2015,56,low_growth_low_startup,70,70,27.131783
2015,61,high_growth_high_startup,45,45,28.125
2015,61,high_growth_low_startup,35,35,21.875
2015,61,low_growth_high_startup,34,34,21.25
2015,61,low_growth_low_startup,46,46,28.75
2015,62,high_growth_high_startup,78,78,32.5
2015,62,high_growth_low_startup,42,42,17.5
2015,62,low_growth_high_startup,42,42,17.5
2015,62,low_growth_low_startup,78,78,32.5
2015,71,high_growth_high_startup,65,65,28.26087
2015,71,high_growth_low_startup,50,50,21.73913
2015,71,low_growth_high_startup,51,51,22.173913
2015,71,low_growth_low_startup,64,64,27.826087
2015,72,high_growth_high_startup,93,93,31.313131
2015,72,high_growth_low_startup,56,56,18.855219
2015,72,low_growth_high_startup,55,55,18.518519
2015,72,low_growth_low_startup,93,93,31.313131
2015,81,high_growth_high_startup,98,98,31.012658
2015,81,high_growth_low_startup,60,60,18.987342
2015,81,low_growth_high_startup,60,60,18.987342
2015,81,low_growth_low_startup,98,98,31.012658
2016,11,high_growth_high_startup,39,39,50
2016,11,low_growth_high_startup,39,39,50
2016,21,high_growth_high_startup,51,51,50.49505
2016,21,low_growth_high_startup,50,50,49.50495
2016,22,high_growth_high_startup,66,66,53.658537
2016,22,low_growth_high_startup,57,57,46.341463
2016,23,high_growth_high_startup,110,110,32.738095
2016,23,high_growth_low_startup,58,58,17.261905
2016,23,low_growth_high_startup,57,57,16.964286
2016,23,low_growth_low_startup,111,111,33.035714
2016,31-33,high_growth_high_startup,85,85,27.960526
2016,31-33,high_growth_low_startup,67,67,22.039474
2016,31-33,low_growth_high_startup,68,68,22.368421
2016,31-33,low_growth_low_startup,84,84,27.631579
2016,42,high_growth_high_startup,61,61,28.638498
2016,42,high_growth_low_startup,46,46,21.596244
2016,42,low_growth_high_startup,44,44,20.657277
2016,42,low_growth_low_startup,62,62,29.107981
2016,44-45,high_growth_high_startup,114,114,30.978261
2016,44-45,high_growth_low_startup,70,70,19.021739
2016,44-45,low_growth_high_startup,70,70,19.021739
2016,44-45,low_growth_low_startup,114,114,30.978261
2016,48-49,high_growth_high_startup,61,61,31.770833
2016,48-49,high_growth_low_startup,36,36,18.75
2016,48-49,low_growth_high_startup,34,34,17.708333
2016,48-49,low_growth_low_startup,61,61,31.770833
2016,51,high_growth_high_startup,53,53,26.108374
2016,51,high_growth_low_startup,49,49,24.137931
2016,51,low_growth_high_startup,48,48,23.64532
2016,51,low_growth_low_startup,53,53,26.108374
2016,52,high_growth_high_startup,85,85,28.813559
2016,52,high_growth_low_startup,63,63,21.355932
2016,52,low_growth_high_startup,63,63,21.355932
2016,52,low_growth_low_startup,84,84,28.474576
2016,53,high_growth_high_startup,87,87,29.292929
2016,53,high_growth_low_startup,62,62,20.875421
2016,53,low_growth_high_startup,61,61,20.538721
2016,53,low_growth_low_startup,87,87,29.292929
2016,54,high_growth_high_startup,64,64,26.666667
2016,54,high_growth_low_startup,56,56,23.333333
2016,54,low_growth_high_startup,54,54,22.5
2016,54,low_growth_low_startup,66,66,27.5
2016,55,high_growth_high_startup,73,73,50.344828
2016,55,low_growth_high_startup,72,72,49.655172
2016,56,high_growth_high_startup,75,75,28.735632
2016,56,high_growth_low_startup,56,56,21.455939
2016,56,low_growth_high_startup,54,54,20.689655
2016,56,low_growth_low_startup,76,76,29.118774
2016,61,high_growth_high_startup,51,51,31.677019
2016,61,high_growth_low_startup,30,30,18.63354
2016,61,low_growth_high_startup,30,30,18.63354
2016,61,low_growth_low_startup,50,50,31.055901
2016,62,high_growth_high_startup,74,74,30.705394
2016,62,high_growth_low_startup,47,47,19.502075
2016,62,low_growth_high_startup,46,46,19.087137
2016,62,low_growth_low_startup,74,74,30.705394
2016,71,high_growth_high_startup,61,61,25.847458
2016,71,high_growth_low_startup,57,57,24.152542
2016,71,low_growth_high_startup,58,58,24.576271
2016,71,low_growth_low_startup,60,60,25.423729
2016,72,high_growth_high_startup,90,90,30.821918
2016,72,high_growth_low_startup,56,56,19.178082
2016,72,low_growth_high_startup,57,57,19.520548
2016,72,low_growth_low_startup,89,89,30.479452
2016,81,high_growth_high_startup,93,93,29.52381
2016,81,high_growth_low_startup,65,65,20.634921
2016,81,low_growth_high_startup,65,65,20.634921
2016,81,low_growth_low_startup,92,92,29.206349
2017,11,high_growth_high_startup,21,21,28.378378
2017,11,high_growth_low_startup,16,16,21.621622
2017,11,low_growth_high_startup,17,17,22.972973
2017,11,low_growth_low_startup,20,20,27.027027
2017,21,high_growth_high_startup,49,49,50
2017,21,low_growth_high_startup,49,49,50
2017,22,high_growth_high_startup,64,64,51.612903
2017,22,low_growth_high_startup,60,60,48.387097
2017,23,high_growth_high_startup,97,97,28.955224
2017,23,high_growth_low_startup,71,71,21.19403
2017,23,low_growth_high_startup,72,72,21.492537
2017,23,low_growth_low_startup,95,95,28.358209
2017,31-33,high_growth_high_startup,89,89,28.990228
2017,31-33,high_growth_low_startup,65,65,21.172638
2017,31-33,low_growth_high_startup,66,66,21.498371
2017,31-33,low_growth_low_startup,87,87,28.338762
2017,42,high_growth_high_startup,70,70,33.653846
2017,42,high_growth_low_startup,34,34,16.346154
2017,42,low_growth_high_startup,35,35,16.826923
2017,42,low_growth_low_startup,69,69,33.173077
2017,44-45,high_growth_high_startup,115,115,31.165312
2017,44-45,high_growth_low_startup,70,70,18.97019
2017,44-45,low_growth_high_startup,69,69,18.699187
2017,44-45,low_growth_low_startup,115,115,31.165312
2017,48-49,high_growth_high_startup,63,63,31.343284
2017,48-49,high_growth_low_startup,38,38,18.905473
2017,48-49,low_growth_high_startup,39,39,19.402985
2017,48-49,low_growth_low_startup,61,61,30.348259
2017,51,high_growth_high_startup,60,60,30.769231
2017,51,high_growth_low_startup,38,38,19.487179
2017,51,low_growth_high_startup,36,36,18.461538
2017,51,low_growth_low_startup,61,61,31.282051
2017,52,high_growth_high_startup,77,77,26.736111
2017,52,high_growth_low_startup,67,67,23.263889
2017,52,low_growth_high_startup,66,66,22.916667
2017,52,low_growth_low_startup,78,78,27.083333
2017,53,high_growth_high_startup,87,87,28.807947
2017,53,high_growth_low_startup,64,64,21.192053
2017,53,low_growth_high_startup,62,62,20.529801
2017,53,low_growth_low_startup,89,89,29.470199
2017,54,high_growth_high_startup,74,74,30.578512
2017,54,high_growth_low_startup,47,47,19.421488
2017,54,low_growth_high_startup,48,48,19.834711
2017,54,low_growth_low_startup,73,73,30.165289
2017,55,high_growth_high_startup,68,68,50.37037
2017,55,low_growth_high_startup,67,67,49.62963
2017,56,high_growth_high_startup,71,71,28.174603
2017,56,high_growth_low_startup,55,55,21.825397
2017,56,low_growth_high_startup,59,59,23.412698
2017,56,low_growth_low_startup,67,67,26.587302
2017,61,high_growth_high_startup,47,47,30.519481
2017,61,high_growth_low_startup,30,30,19.480519
2017,61,low_growth_high_startup,30,30,19.480519
2017,61,low_growth_low_startup,47,47,30.519481
2017,62,high_growth_high_startup,77,77,32.352941
2017,62,high_growth_low_startup,42,42,17.647059
2017,62,low_growth_high_startup,42,42,17.647059
2017,62,low_growth_low_startup,77,77,32.352941
2017,71,high_growth_high_startup,66,66,28.205128
2017,71,high_growth_low_startup,51,51,21.794872
2017,71,low_growth_high_startup,50,50,21.367521
2017,71,low_growth_low_startup,67,67,28.632479
2017,72,high_growth_high_startup,99,99,33.788396
2017,72,high_growth_low_startup,48,48,16.382253
2017,72,low_growth_high_startup,48,48,16.382253
2017,72,low_growth_low_startup,98,98,33.447099
2017,81,high_growth_high_startup,105,105,33.333333
2017,81,high_growth_low_startup,53,53,16.825397
2017,81,low_growth_high_startup,55,55,17.460317
2017,81,low_growth_low_startup,102,102,32.380952
2018,11,high_growth_high_startup,26,26,29.885057
2018,11,high_growth_low_startup,18,18,20.689655
2018,11,low_growth_high_startup,19,19,21.83908
2018,11,low_growth_low_startup,24,24,27.586207
2018,21,high_growth_high_startup,50,50,50
2018,21,low_growth_high_startup,50,50,50
2018,22,high_growth_high_startup,62,62,54.867257
2018,22,low_growth_high_startup,51,51,45.132743
2018,23,high_growth_high_startup,110,110,32.738095
2018,23,high_growth_low_startup,58,58,17.261905
2018,23,low_growth_high_startup,58,58,17.261905
2018,23,low_growth_low_startup,110,110,32.738095
2018,31-33,high_growth_high_startup,86,86,28.382838
2018,31-33,high_growth_low_startup,66,66,21.782178
2018,31-33,low_growth_high_startup,66,66,21.782178
2018,31-33,low_growth_low_startup,85,85,28.052805
2018,42,high_growth_high_startup,60,60,29.411765
2018,42,high_growth_low_startup,42,42,20.588235
2018,42,low_growth_high_startup,44,44,21.568627
2018,42,low_growth_low_startup,58,58,28.431373
2018,44-45,high_growth_high_startup,115,115,31.33515
2018,44-45,high_growth_low_startup,69,69,18.80109
2018,44-45,low_growth_high_startup,67,67,18.256131
2018,44-45,low_growth_low_startup,116,116,31.607629
2018,48-49,high_growth_high_startup,64,64,31.683168
2018,48-49,high_growth_low_startup,37,37,18.316832
2018,48-49,low_growth_high_startup,39,39,19.306931
2018,48-49,low_growth_low_startup,62,62,30.693069
2018,51,high_growth_high_startup,57,57,29.842932
2018,51,high_growth_low_startup,39,39,20.418848
2018,51,low_growth_high_startup,41,41,21.465969
2018,51,low_growth_low_startup,54,54,28.272251
2018,52,high_growth_high_startup,84,84,28.571429
2018,52,high_growth_low_startup,63,63,21.428571
2018,52,low_growth_high_startup,62,62,21.088435
2018,52,low_growth_low_startup,85,85,28.911565
2018,53,high_growth_high_startup,87,87,29.391892
2018,53,high_growth_low_startup,61,61,20.608108
2018,53,low_growth_high_startup,60,60,20.27027
2018,53,low_growth_low_startup,88,88,29.72973
2018,54,high_growth_high_startup,81,81,33.061224
2018,54,high_growth_low_startup,42,42,17.142857
2018,54,low_growth_high_startup,41,41,16.734694
2018,54,low_growth_low_startup,81,81,33.061224
2018,55,high_growth_high_startup,70,70,50
2018,55,low_growth_high_startup,70,70,50
2018,56,high_growth_high_startup,75,75,28.846154
2018,56,high_growth_low_startup,55,55,21.153846
2018,56,low_growth_high_startup,56,56,21.538462
2018,56,low_growth_low_startup,74,74,28.461538
2018,61,high_growth_high_startup,51,51,31.097561
2018,61,high_growth_low_startup,31,31,18.902439
2018,61,low_growth_high_startup,33,33,20.121951
2018,61,low_growth_low_startup,49,49,29.878049
2018,62,high_growth_high_startup,78,78,32.5
2018,62,high_growth_low_startup,42,42,17.5
2018,62,low_growth_high_startup,42,42,17.5
2018,62,low_growth_low_startup,78,78,32.5
2018,71,high_growth_high_startup,76,76,31.404959
2018,71,high_growth_low_startup,45,45,18.595041
2018,71,low_growth_high_startup,46,46,19.008264
2018,71,low_growth_low_startup,75,75,30.991736
2018,72,high_growth_high_startup,94,94,31.972789
2018,72,high_growth_low_startup,53,53,18.027211
2018,72,low_growth_high_startup,51,51,17.346939
2018,72,low_growth_low_startup,96,96,32.653061
2018,81,high_growth_high_startup,107,107,33.229814
2018,81,high_growth_low_startup,54,54,16.770186
2018,81,low_growth_high_startup,56,56,17.391304
2018,81,low_growth_low_startup,105,105,32.608696
2019,11,high_growth_high_startup,21,21,27.631579
2019,11,high_growth_low_startup,17,17,22.368421
2019,11,low_growth_high_startup,17,17,22.368421
2019,11,low_growth_low_startup,21,21,27.631579
2019,21,high_growth_high_startup,48,48,50.526316
2019,21,low_growth_high_startup,47,47,49.473684
2019,22,high_growth_high_startup,57,57,50
2019,22,low_growth_high_startup,57,57,50
2019,23,high_growth_high_startup,103,103,30.205279
2019,23,high_growth_low_startup,68,68,19.941349
2019,23,low_growth_high_startup,67,67,19.648094
2019,23,low_growth_low_startup,103,103,30.205279
2019,31-33,high_growth_high_startup,85,85,27.777778
2019,31-33,high_growth_low_startup,68,68,22.222222
2019,31-33,low_growth_high_startup,68,68,22.222222
2019,31-33,low_growth_low_startup,85,85,27.777778
2019,42,high_growth_high_startup,60,60,28.985507
2019,42,high_growth_low_startup,44,44,21.256039
2019,42,low_growth_high_startup,42,42,20.289855
2019,42,low_growth_low_startup,61,61,29.468599
2019,44-45,high_growth_high_startup,103,103,27.837838
2019,44-45,high_growth_low_startup,82,82,22.162162
2019,44-45,low_growth_high_startup,81,81,21.891892
2019,44-45,low_growth_low_startup,104,104,28.108108
2019,48-49,high_growth_high_startup,63,63,31.188119
2019,48-49,high_growth_low_startup,38,38,18.811881
2019,48-49,low_growth_high_startup,41,41,20.29703
2019,48-49,low_growth_low_startup,60,60,29.70297
2019,51,high_growth_high_startup,57,57,30.481283
2019,51,high_growth_low_startup,37,37,19.786096
2019,51,low_growth_high_startup,38,38,20.320856
2019,51,low_growth_low_startup,55,55,29.411765
2019,52,high_growth_high_startup,77,77,26.551724
2019,52,high_growth_low_startup,68,68,23.448276
2019,52,low_growth_high_startup,66,66,22.758621
2019,52,low_growth_low_startup,79,79,27.241379
2019,53,high_growth_high_startup,82,82,26.797386
2019,53,high_growth_low_startup,71,71,23.202614
2019,53,low_growth_high_startup,71,71,23.202614
2019,53,low_growth_low_startup,82,82,26.797386
2019,54,high_growth_high_startup,74,74,30.327869
2019,54,high_growth_low_startup,48,48,19.672131
2019,54,low_growth_high_startup,46,46,18.852459
2019,54,low_growth_low_startup,76,76,31.147541
2019,55,high_growth_high_startup,75,75,51.369863
2019,55,low_growth_high_startup,71,71,48.630137
2019,56,high_growth_high_startup,75,75,28.195489
2019,56,high_growth_low_startup,58,58,21.804511
2019,56,low_growth_high_startup,57,57,21.428571
2019,56,low_growth_low_startup,76,76,28.571429
2019,61,high_growth_high_startup,59,59,34.502924
2019,61,high_growth_low_startup,27,27,15.789474
2019,61,low_growth_high_startup,27,27,15.789474
2019,61,low_growth_low_startup,58,58,33.918129
2019,62,high_growth_high_startup,79,79,33.474576
2019,62,high_growth_low_startup,39,39,16.525424
2019,62,low_growth_high_startup,39,39,16.525424
2019,62,low_growth_low_startup,79,79,33.474576
2019,71,high_growth_high_startup,66,66,28.947368
2019,71,high_growth_low_startup,48,48,21.052632
2019,71,low_growth_high_startup,50,50,21.929825
2019,71,low_growth_low_startup,64,64,28.070175
2019,72,high_growth_high_startup,93,93,31.740614
2019,72,high_growth_low_startup,54,54,18.430034
2019,72,low_growth_high_startup,55,55,18.771331
2019,72,low_growth_low_startup,91,91,31.05802
2019,81,high_growth_high_startup,98,98,30.914826
2019,81,high_growth_low_startup,61,61,19.242902
2019,81,low_growth_high_startup,62,62,19.55836
2019,81,low_growth_low_startup,96,96,30.283912
2020,11,high_growth_high_startup,41,41,50.617284
2020,11,low_growth_high_startup,40,40,49.382716
2020,21,high_growth_high_startup,46,46,50
2020,21,low_growth_high_startup,46,46,50
2020,22,high_growth_high_startup,58,58,50
2020,22,low_growth_high_startup,58,58,50
2020,23,high_growth_high_startup,103,103,29.94186
2020,23,high_growth_low_startup,69,69,20.05814
2020,23,low_growth_high_startup,69,69,20.05814
2020,23,low_growth_low_startup,103,103,29.94186
2020,31-33,high_growth_high_startup,83,83,27.213115
2020,31-33,high_growth_low_startup,70,70,22.95082
2020,31-33,low_growth_high_startup,70,70,22.95082
2020,31-33,low_growth_low_startup,82,82,26.885246
2020,42,high_growth_high_startup,61,61,31.122449
2020,42,high_growth_low_startup,37,37,18.877551
2020,42,low_growth_high_startup,41,41,20.918367
2020,42,low_growth_low_startup,57,57,29.081633
2020,44-45,high_growth_high_startup,100,100,26.954178
2020,44-45,high_growth_low_startup,86,86,23.180593
2020,44-45,low_growth_high_startup,86,86,23.180593
2020,44-45,low_growth_low_startup,99,99,26.684636
2020,48-49,high_growth_high_startup,57,57,28.93401
2020,48-49,high_growth_low_startup,42,42,21.319797
2020,48-49,low_growth_high_startup,39,39,19.796954
2020,48-49,low_growth_low_startup,59,59,29.949239
2020,51,high_growth_high_startup,58,58,28.571429
2020,51,high_growth_low_startup,44,44,21.674877
2020,51,low_growth_high_startup,42,42,20.689655
2020,51,low_growth_low_startup,59,59,29.064039
2020,52,high_growth_high_startup,89,89,30.689655
2020,52,high_growth_low_startup,56,56,19.310345
2020,52,low_growth_high_startup,57,57,19.655172
2020,52,low_growth_low_startup,88,88,30.344828
2020,53,high_growth_high_startup,91,91,29.641694
2020,53,high_growth_low_startup,63,63,20.521173
2020,53,low_growth_high_startup,63,63,20.521173
2020,53,low_growth_low_startup,90,90,29.315961
2020,54,high_growth_high_startup,72,72,31.168831
2020,54,high_growth_low_startup,44,44,19.047619
2020,54,low_growth_high_startup,45,45,19.480519
2020,54,low_growth_low_startup,70,70,30.30303
2020,55,high_growth_high_startup,63,63,50.4
2020,55,low_growth_high_startup,62,62,49.6
2020,56,high_growth_high_startup,80,80,30.30303
2020,56,high_growth_low_startup,52,52,19.69697
2020,56,low_growth_high_startup,53,53,20.075758
2020,56,low_growth_low_startup,79,79,29.924242
2020,61,high_growth_high_startup,41,41,25.625
2020,61,high_growth_low_startup,39,39,24.375
2020,61,low_growth_high_startup,37,37,23.125
2020,61,low_growth_low_startup,43,43,26.875
2020,62,high_growth_high_startup,79,79,33.760684
2020,62,high_growth_low_startup,38,38,16.239316
2020,62,low_growth_high_startup,38,38,16.239316
2020,62,low_growth_low_startup,79,79,33.760684
2020,71,high_growth_high_startup,61,61,25.630252
2020,71,high_growth_low_startup,58,58,24.369748
2020,71,low_growth_high_startup,56,56,23.529412
2020,71,low_growth_low_startup,63,63,26.470588
2020,72,high_growth_high_startup,89,89,30.067568
2020,72,high_growth_low_startup,59,59,19.932432
2020,72,low_growth_high_startup,59,59,19.932432
2020,72,low_growth_low_startup,89,89,30.067568
2020,81,high_growth_high_startup,95,95,29.6875
2020,81,high_growth_low_startup,65,65,20.3125
2020,81,low_growth_high_startup,68,68,21.25
2020,81,low_growth_low_startup,92,92,28.75
2021,11,high_growth_high_startup,36,36,50.704225
2021,11,low_growth_high_startup,35,35,49.295775
2021,21,high_growth_high_startup,46,46,50
2021,21,low_growth_high_startup,46,46,50
2021,22,high_growth_high_startup,59,59,50.862069
2021,22,low_growth_high_startup,57,57,49.137931
2021,23,high_growth_high_startup,93,93,27.192982
2021,23,high_growth_low_startup,78,78,22.807018
2021,23,low_growth_high_startup,77,77,22.51462
2021,23,low_growth_low_startup,94,94,27.48538
2021,31-33,high_growth_high_startup,85,85,28.333333
2021,31-33,high_growth_low_startup,65,65,21.666667
2021,31-33,low_growth_high_startup,64,64,21.333333
2021,31-33,low_growth_low_startup,86,86,28.666667
2021,42,high_growth_high_startup,61,61,30.19802
2021,42,high_growth_low_startup,40,40,19.80198
2021,42,low_growth_high_startup,39,39,19.306931
2021,42,low_growth_low_startup,62,62,30.693069
2021,44-45,high_growth_high_startup,98,98,26.344086
2021,44-45,high_growth_low_startup,88,88,23.655914
2021,44-45,low_growth_high_startup,88,88,23.655914
2021,44-45,low_growth_low_startup,98,98,26.344086
2021,48-49,high_growth_high_startup,67,67,31.308411
2021,48-49,high_growth_low_startup,40,40,18.691589
2021,48-49,low_growth_high_startup,44,44,20.560748
2021,48-49,low_growth_low_startup,63,63,29.439252
2021,51,high_growth_high_startup,60,60,29.55665
2021,51,high_growth_low_startup,42,42,20.689655
2021,51,low_growth_high_startup,42,42,20.689655
2021,51,low_growth_low_startup,59,59,29.064039
2021,52,high_growth_high_startup,82,82,29.181495
2021,52,high_growth_low_startup,59,59,20.996441
2021,52,low_growth_high_startup,59,59,20.996441
2021,52,low_growth_low_startup,81,81,28.825623
2021,53,high_growth_high_startup,85,85,27.597403
2021,53,high_growth_low_startup,69,69,22.402597
2021,53,low_growth_high_startup,68,68,22.077922
2021,53,low_growth_low_startup,86,86,27.922078
2021,54,high_growth_high_startup,66,66,27.848101
2021,54,high_growth_low_startup,53,53,22.362869
2021,54,low_growth_high_startup,53,53,22.362869
2021,54,low_growth_low_startup,65,65,27.42616
2021,55,high_growth_high_startup,67,67,50
2021,55,low_growth_high_startup,67,67,50
2021,56,high_growth_high_startup,62,62,24.409449
2021,56,high_growth_low_startup,65,65,25.590551
2021,56,low_growth_high_startup,63,63,24.80315
2021,56,low_growth_low_startup,64,64,25.19685
2021,61,high_growth_high_startup,52,52,31.325301
2021,61,high_growth_low_startup,31,31,18.674699
2021,61,low_growth_high_startup,32,32,19.277108
2021,61,low_growth_low_startup,51,51,30.722892
2021,62,high_growth_high_startup,72,72,31.168831
2021,62,high_growth_low_startup,44,44,19.047619
2021,62,low_growth_high_startup,43,43,18.614719
2021,62,low_growth_low_startup,72,72,31.168831
2021,71,high_growth_high_startup,53,53,21.8107
2021,71,high_growth_low_startup,69,69,28.395062
2021,71,low_growth_high_startup,69,69,28.395062
2021,71,low_growth_low_startup,52,52,21.399177
2021,72,high_growth_high_startup,83,83,27.483444
2021,72,high_growth_low_startup,68,68,22.516556
2021,72,low_growth_high_startup,66,66,21.854305
2021,72,low_growth_low_startup,85,85,28.145695
2021,81,high_growth_high_startup,94,94,29.746835
2021,81,high_growth_low_startup,64,64,20.253165
2021,81,low_growth_high_startup,62,62,19.620253
2021,81,low_growth_low_startup,96,96,30.379747
2022,11,high_growth_high_startup,20,20,24.390244
2022,11,high_growth_low_startup,21,21,25.609756
2022,11,low_growth_high_startup,19,19,23.170732
2022,11,low_growth_low_startup,22,22,26.829268
2022,21,high_growth_high_startup,49,49,50
2022,21,low_growth_high_startup,49,49,50
2022,22,high_growth_high_startup,60,60,50
2022,22,low_growth_high_startup,60,60,50
2022,23,high_growth_high_startup,100,100,29.154519
2022,23,high_growth_low_startup,72,72,20.991254
2022,23,low_growth_high_startup,72,72,20.991254
2022,23,low_growth_low_startup,99,99,28.862974
2022,31-33,high_growth_high_startup,91,91,28.526646
2022,31-33,high_growth_low_startup,69,69,21.630094
2022,31-33,low_growth_high_startup,69,69,21.630094
2022,31-33,low_growth_low_startup,90,90,28.213166
2022,42,high_growth_high_startup,61,61,30.049261
2022,42,high_growth_low_startup,41,41,20.197044
2022,42,low_growth_high_startup,41,41,20.197044
2022,42,low_growth_low_startup,60,60,29.55665
2022,44-45,high_growth_high_startup,100,100,26.88172
2022,44-45,high_growth_low_startup,86,86,23.11828
2022,44-45,low_growth_high_startup,86,86,23.11828
2022,44-45,low_growth_low_startup,100,100,26.88172
2022,48-49,high_growth_high_startup,59,59,27.570093
2022,48-49,high_growth_low_startup,48,48,22.429907
2022,48-49,low_growth_high_startup,45,45,21.028037
2022,48-49,low_growth_low_startup,62,62,28.971963
2022,51,high_growth_high_startup,55,55,27.227723
2022,51,high_growth_low_startup,46,46,22.772277
2022,51,low_growth_high_startup,43,43,21.287129
2022,51,low_growth_low_startup,58,58,28.712871
2022,52,high_growth_high_startup,78,78,26.804124
2022,52,high_growth_low_startup,68,68,23.367698
2022,52,low_growth_high_startup,68,68,23.367698
2022,52,low_growth_low_startup,77,77,26.460481
2022,53,high_growth_high_startup,86,86,27.922078
2022,53,high_growth_low_startup,68,68,22.077922
2022,53,low_growth_high_startup,66,66,21.428571
2022,53,low_growth_low_startup,88,88,28.571429
2022,54,high_growth_high_startup,72,72,30.379747
2022,54,high_growth_low_startup,47,47,19.831224
2022,54,low_growth_high_startup,50,50,21.097046
2022,54,low_growth_low_startup,68,68,28.691983
2022,55,high_growth_high_startup,68,68,50
2022,55,low_growth_high_startup,68,68,50
2022,56,high_growth_high_startup,81,81,31.764706
2022,56,high_growth_low_startup,47,47,18.431373
2022,56,low_growth_high_startup,51,51,20
2022,56,low_growth_low_startup,76,76,29.803922
2022,61,high_growth_high_startup,51,51,31.481481
2022,61,high_growth_low_startup,30,30,18.518519
2022,61,low_growth_high_startup,33,33,20.37037
2022,61,low_growth_low_startup,48,48,29.62963
2022,62,high_growth_high_startup,75,75,32.051282
2022,62,high_growth_low_startup,42,42,17.948718
2022,62,low_growth_high_startup,42,42,17.948718
2022,62,low_growth_low_startup,75,75,32.051282
2022,71,high_growth_high_startup,63,63,24.609375
2022,71,high_growth_low_startup,65,65,25.390625
2022,71,low_growth_high_startup,67,67,26.171875
2022,71,low_growth_low_startup,61,61,23.828125
2022,72,high_growth_high_startup,78,78,25.913621
2022,72,high_growth_low_startup,73,73,24.252492
2022,72,low_growth_high_startup,71,71,23.58804
2022,72,low_growth_low_startup,79,79,26.245847
2022,81,high_growth_high_startup,97,97,30.218069
2022,81,high_growth_low_startup,64,64,19.937695
2022,81,low_growth_high_startup,63,63,19.626168
2022,81,low_growth_low_startup,97,97,30.218069
2023,11,high_growth_high_startup,21,21,28
2023,11,high_growth_low_startup,17,17,22.666667
2023,11,low_growth_high_startup,18,18,24
2023,11,low_growth_low_startup,19,19,25.333333
2023,21,high_growth_high_startup,47,47,50.537634
2023,21,low_growth_high_startup,46,46,49.462366
2023,22,high_growth_high_startup,56,56,50
2023,22,low_growth_high_startup,56,56,50
2023,23,high_growth_high_startup,94,94,27.246377
2023,23,high_growth_low_startup,79,79,22.898551
2023,23,low_growth_high_startup,79,79,22.898551
2023,23,low_growth_low_startup,93,93,26.956522
2023,31-33,high_growth_high_startup,83,83,26.602564
2023,31-33,high_growth_low_startup,73,73,23.397436
2023,31-33,low_growth_high_startup,73,73,23.397436
2023,31-33,low_growth_low_startup,83,83,26.602564
2023,42,high_growth_high_startup,59,59,29.207921
2023,42,high_growth_low_startup,42,42,20.792079
2023,42,low_growth_high_startup,43,43,21.287129
2023,42,low_growth_low_startup,58,58,28.712871
2023,44-45,high_growth_high_startup,99,99,26.756757
2023,44-45,high_growth_low_startup,86,86,23.243243
2023,44-45,low_growth_high_startup,86,86,23.243243
2023,44-45,low_growth_low_startup,99,99,26.756757
2023,48-49,high_growth_high_startup,55,55,25.114155
2023,48-49,high_growth_low_startup,55,55,25.114155
2023,48-49,low_growth_high_startup,55,55,25.114155
2023,48-49,low_growth_low_startup,54,54,24.657534
2023,51,high_growth_high_startup,47,47,22.596154
2023,51,high_growth_low_startup,57,57,27.403846
2023,51,low_growth_high_startup,55,55,26.442308
2023,51,low_growth_low_startup,49,49,23.557692
2023,52,high_growth_high_startup,71,71,25.448029
2023,52,high_growth_low_startup,69,69,24.731183
2023,52,low_growth_high_startup,69,69,24.731183
2023,52,low_growth_low_startup,70,70,25.089606
2023,53,high_growth_high_startup,85,85,26.898734
2023,53,high_growth_low_startup,73,73,23.101266
2023,53,low_growth_high_startup,74,74,23.417722
2023,53,low_growth_low_startup,84,84,26.582278
2023,54,high_growth_high_startup,75,75,30.487805
2023,54,high_growth_low_startup,48,48,19.512195
2023,54,low_growth_high_startup,51,51,20.731707
2023,54,low_growth_low_startup,72,72,29.268293
2023,55,high_growth_high_startup,67,67,50.37594
2023,55,low_growth_high_startup,66,66,49.62406
2023,56,high_growth_high_startup,66,66,25.581395
2023,56,high_growth_low_startup,63,63,24.418605
2023,56,low_growth_high_startup,63,63,24.418605
2023,56,low_growth_low_startup,66,66,25.581395
2023,61,high_growth_high_startup,52,52,29.378531
2023,61,high_growth_low_startup,37,37,20.903955
2023,61,low_growth_high_startup,36,36,20.338983
2023,61,low_growth_low_startup,52,52,29.378531
2023,62,high_growth_high_startup,72,72,30
2023,62,high_growth_low_startup,48,48,20
2023,62,low_growth_high_startup,48,48,20
2023,62,low_growth_low_startup,72,72,30
2023,71,high_growth_high_startup,66,66,26.612903
2023,71,high_growth_low_startup,58,58,23.387097
2023,71,low_growth_high_startup,58,58,23.387097
2023,71,low_growth_low_startup,66,66,26.612903
2023,72,high_growth_high_startup,81,81,26.821192
2023,72,high_growth_low_startup,70,70,23.178808
2023,72,low_growth_high_startup,69,69,22.847682
2023,72,low_growth_low_startup,82,82,27.152318
2023,81,high_growth_high_startup,100,100,30.395137
2023,81,high_growth_low_startup,65,65,19.756839
2023,81,low_growth_high_startup,63,63,19.148936
2023,81,low_growth_low_startup,101,101,30.699088
