year,variable,total_count,non_missing_count,missing_count,missing_pct
2010,startup_rate,4509,4509,0,0
2010,startup_rate_lag1,4509,0,4509,100
2010,startup_rate_lag2,4509,0,4509,100
2010,startup_rate_lag3,4509,0,4509,100
2010,employment_growth,4509,0,4509,100
2010,employment_growth_lag1,4509,0,4509,100
2010,employment_growth_lag2,4509,0,4509,100
2010,employment_growth_lag3,4509,0,4509,100
2010,establishment_growth,4509,0,4509,100
2010,establishment_growth_lag1,4509,0,4509,100
2010,establishment_growth_lag2,4509,0,4509,100
2010,establishment_growth_lag3,4509,0,4509,100
2010,payroll_growth,4509,0,4509,100
2010,payroll_growth_lag1,4509,0,4509,100
2010,wage_growth,4509,0,4509,100
2010,average_pay_growth_lag1,4509,0,4509,100
2010,acs_population_growth,4509,0,4509,100
2010,median_household_income,4509,4016,493,10.933688
2010,educational_attainment_pct,4509,4016,493,10.933688
2010,labor_force_participation_pct,4509,4016,493,10.933688
2010,unemployment_rate,4509,4016,493,10.933688
2010,cbp_employment,4509,3661,848,18.806831
2010,cbp_establishments,4509,3661,848,18.806831
2010,cbp_annual_payroll,4509,3661,848,18.806831
2010,cbp_first_quarter_payroll,4509,3661,848,18.806831
2011,startup_rate,4515,4515,0,0
2011,startup_rate_lag1,4515,4160,355,7.86268
2011,startup_rate_lag2,4515,0,4515,100
2011,startup_rate_lag3,4515,0,4515,100
2011,employment_growth,4515,4389,126,2.7906977
2011,employment_growth_lag1,4515,0,4515,100
2011,employment_growth_lag2,4515,0,4515,100
2011,employment_growth_lag3,4515,0,4515,100
2011,establishment_growth,4515,4389,126,2.7906977
2011,establishment_growth_lag1,4515,0,4515,100
2011,establishment_growth_lag2,4515,0,4515,100
2011,establishment_growth_lag3,4515,0,4515,100
2011,payroll_growth,4515,4389,126,2.7906977
2011,payroll_growth_lag1,4515,0,4515,100
2011,wage_growth,4515,4389,126,2.7906977
2011,average_pay_growth_lag1,4515,0,4515,100
2011,acs_population_growth,4515,4011,504,11.162791
2011,median_household_income,4515,4011,504,11.162791
2011,educational_attainment_pct,4515,4011,504,11.162791
2011,labor_force_participation_pct,4515,4011,504,11.162791
2011,unemployment_rate,4515,4011,504,11.162791
2011,cbp_employment,4515,3590,925,20.487265
2011,cbp_establishments,4515,3590,925,20.487265
2011,cbp_annual_payroll,4515,3590,925,20.487265
2011,cbp_first_quarter_payroll,4515,3590,925,20.487265
2012,startup_rate,4487,4487,0,0
2012,startup_rate_lag1,4487,4167,320,7.1317138
2012,startup_rate_lag2,4487,4122,365,8.1346111
2012,startup_rate_lag3,4487,0,4487,100
2012,employment_growth,4487,4338,149,3.3207043
2012,employment_growth_lag1,4487,4248,239,5.3264988
2012,employment_growth_lag2,4487,0,4487,100
2012,employment_growth_lag3,4487,0,4487,100
2012,establishment_growth,4487,4338,149,3.3207043
2012,establishment_growth_lag1,4487,4248,239,5.3264988
2012,establishment_growth_lag2,4487,0,4487,100
2012,establishment_growth_lag3,4487,0,4487,100
2012,payroll_growth,4487,4338,149,3.3207043
2012,payroll_growth_lag1,4487,4248,239,5.3264988
2012,wage_growth,4487,4338,149,3.3207043
2012,average_pay_growth_lag1,4487,4248,239,5.3264988
2012,acs_population_growth,4487,3989,498,11.09873
2012,median_household_income,4487,3989,498,11.09873
2012,educational_attainment_pct,4487,3989,498,11.09873
2012,labor_force_participation_pct,4487,3989,498,11.09873
2012,unemployment_rate,4487,3989,498,11.09873
2012,cbp_employment,4487,3572,915,20.392244
2012,cbp_establishments,4487,3572,915,20.392244
2012,cbp_annual_payroll,4487,3572,915,20.392244
2012,cbp_first_quarter_payroll,4487,3572,915,20.392244
2013,startup_rate,4512,4512,0,0
2013,startup_rate_lag1,4512,4164,348,7.712766
2013,startup_rate_lag2,4512,4171,341,7.5576241
2013,startup_rate_lag3,4512,4157,355,7.8679078
2013,employment_growth,4512,4353,159,3.5239362
2013,employment_growth_lag1,4512,4252,260,5.7624113
2013,employment_growth_lag2,4512,4233,279,6.1835106
2013,employment_growth_lag3,4512,0,4512,100
2013,establishment_growth,4512,4353,159,3.5239362
2013,establishment_growth_lag1,4512,4252,260,5.7624113
2013,establishment_growth_lag2,4512,4233,279,6.1835106
2013,establishment_growth_lag3,4512,0,4512,100
2013,payroll_growth,4512,4353,159,3.5239362
2013,payroll_growth_lag1,4512,4252,260,5.7624113
2013,wage_growth,4512,4353,159,3.5239362
2013,average_pay_growth_lag1,4512,4252,260,5.7624113
2013,acs_population_growth,4512,4020,492,10.904255
2013,median_household_income,4512,4300,212,4.6985816
2013,educational_attainment_pct,4512,4300,212,4.6985816
2013,labor_force_participation_pct,4512,4300,212,4.6985816
2013,unemployment_rate,4512,4300,212,4.6985816
2013,cbp_employment,4512,3590,922,20.434397
2013,cbp_establishments,4512,3590,922,20.434397
2013,cbp_annual_payroll,4512,3590,922,20.434397
2013,cbp_first_quarter_payroll,4512,3590,922,20.434397
2014,startup_rate,4551,4551,0,0
2014,startup_rate_lag1,4551,4212,339,7.4489123
2014,startup_rate_lag2,4551,4206,345,7.5807515
2014,startup_rate_lag3,4551,4196,355,7.8004834
2014,employment_growth,4551,4399,152,3.3399253
2014,employment_growth_lag1,4551,4293,258,5.6690837
2014,employment_growth_lag2,4551,4255,296,6.504065
2014,employment_growth_lag3,4551,4234,317,6.9655021
2014,establishment_growth,4551,4399,152,3.3399253
2014,establishment_growth_lag1,4551,4293,258,5.6690837
2014,establishment_growth_lag2,4551,4255,296,6.504065
2014,establishment_growth_lag3,4551,4234,317,6.9655021
2014,payroll_growth,4551,4399,152,3.3399253
2014,payroll_growth_lag1,4551,4293,258,5.6690837
2014,wage_growth,4551,4399,152,3.3399253
2014,average_pay_growth_lag1,4551,4293,258,5.6690837
2014,acs_population_growth,4551,4328,223,4.900022
2014,median_household_income,4551,4328,223,4.900022
2014,educational_attainment_pct,4551,4328,223,4.900022
2014,labor_force_participation_pct,4551,4328,223,4.900022
2014,unemployment_rate,4551,4328,223,4.900022
2014,cbp_employment,4551,3631,920,20.215337
2014,cbp_establishments,4551,3631,920,20.215337
2014,cbp_annual_payroll,4551,3631,920,20.215337
2014,cbp_first_quarter_payroll,4551,3631,920,20.215337
2015,startup_rate,4534,4534,0,0
2015,startup_rate_lag1,4534,4223,311,6.8592854
2015,startup_rate_lag2,4534,4209,325,7.1680635
2015,startup_rate_lag3,4534,4175,359,7.9179532
2015,employment_growth,4534,4398,136,2.9995589
2015,employment_growth_lag1,4534,4283,251,5.5359506
2015,employment_growth_lag2,4534,4221,313,6.9033966
2015,employment_growth_lag3,4534,4199,335,7.3886193
2015,establishment_growth,4534,4398,136,2.9995589
2015,establishment_growth_lag1,4534,4283,251,5.5359506
2015,establishment_growth_lag2,4534,4221,313,6.9033966
2015,establishment_growth_lag3,4534,4199,335,7.3886193
2015,payroll_growth,4534,4398,136,2.9995589
2015,payroll_growth_lag1,4534,4283,251,5.5359506
2015,wage_growth,4534,4398,136,2.9995589
2015,average_pay_growth_lag1,4534,4283,251,5.5359506
2015,acs_population_growth,4534,4294,240,5.2933392
2015,median_household_income,4534,4294,240,5.2933392
2015,educational_attainment_pct,4534,4294,240,5.2933392
2015,labor_force_participation_pct,4534,4294,240,5.2933392
2015,unemployment_rate,4534,4294,240,5.2933392
2015,cbp_employment,4534,4388,146,3.2201147
2015,cbp_establishments,4534,4388,146,3.2201147
2015,cbp_annual_payroll,4534,4388,146,3.2201147
2015,cbp_first_quarter_payroll,4534,4388,146,3.2201147
2016,startup_rate,4522,4522,0,0
2016,startup_rate_lag1,4522,4189,333,7.3639982
2016,startup_rate_lag2,4522,4193,329,7.2755418
2016,startup_rate_lag3,4522,4170,352,7.7841663
2016,employment_growth,4522,4401,121,2.6758072
2016,employment_growth_lag1,4522,4308,214,4.7324193
2016,employment_growth_lag2,4522,4248,274,6.0592658
2016,employment_growth_lag3,4522,4209,313,6.9217161
2016,establishment_growth,4522,4401,121,2.6758072
2016,establishment_growth_lag1,4522,4308,214,4.7324193
2016,establishment_growth_lag2,4522,4248,274,6.0592658
2016,establishment_growth_lag3,4522,4209,313,6.9217161
2016,payroll_growth,4522,4401,121,2.6758072
2016,payroll_growth_lag1,4522,4308,214,4.7324193
2016,wage_growth,4522,4401,121,2.6758072
2016,average_pay_growth_lag1,4522,4308,214,4.7324193
2016,acs_population_growth,4522,4288,234,5.1747015
2016,median_household_income,4522,4302,220,4.8651039
2016,educational_attainment_pct,4522,4302,220,4.8651039
2016,labor_force_participation_pct,4522,4302,220,4.8651039
2016,unemployment_rate,4522,4302,220,4.8651039
2016,cbp_employment,4522,4394,128,2.8306059
2016,cbp_establishments,4522,4394,128,2.8306059
2016,cbp_annual_payroll,4522,4394,128,2.8306059
2016,cbp_first_quarter_payroll,4522,4394,128,2.8306059
2017,startup_rate,4522,4522,0,0
2017,startup_rate_lag1,4522,4228,294,6.501548
2017,startup_rate_lag2,4522,4203,319,7.0544007
2017,startup_rate_lag3,4522,4208,314,6.9438302
2017,employment_growth,4522,4364,158,3.4940292
2017,employment_growth_lag1,4522,4274,248,5.484299
2017,employment_growth_lag2,4522,4242,280,6.1919505
2017,employment_growth_lag3,4522,4194,328,7.2534277
2017,establishment_growth,4522,4364,158,3.4940292
2017,establishment_growth_lag1,4522,4274,248,5.484299
2017,establishment_growth_lag2,4522,4242,280,6.1919505
2017,establishment_growth_lag3,4522,4194,328,7.2534277
2017,payroll_growth,4522,4364,158,3.4940292
2017,payroll_growth_lag1,4522,4274,248,5.484299
2017,wage_growth,4522,4364,158,3.4940292
2017,average_pay_growth_lag1,4522,4274,248,5.484299
2017,acs_population_growth,4522,4302,220,4.8651039
2017,median_household_income,4522,4302,220,4.8651039
2017,educational_attainment_pct,4522,4302,220,4.8651039
2017,labor_force_participation_pct,4522,4302,220,4.8651039
2017,unemployment_rate,4522,4302,220,4.8651039
2017,cbp_employment,4522,4384,138,3.051747
2017,cbp_establishments,4522,4384,138,3.051747
2017,cbp_annual_payroll,4522,4384,138,3.051747
2017,cbp_first_quarter_payroll,4522,4384,138,3.051747
2018,startup_rate,4539,4539,0,0
2018,startup_rate_lag1,4539,4220,319,7.0279797
2018,startup_rate_lag2,4539,4230,309,6.8076669
2018,startup_rate_lag3,4539,4219,320,7.050011
2018,employment_growth,4539,4400,139,3.0623485
2018,employment_growth_lag1,4539,4289,250,5.5078211
2018,employment_growth_lag2,4539,4246,293,6.4551663
2018,employment_growth_lag3,4539,4220,319,7.0279797
2018,establishment_growth,4539,4400,139,3.0623485
2018,establishment_growth_lag1,4539,4289,250,5.5078211
2018,establishment_growth_lag2,4539,4246,293,6.4551663
2018,establishment_growth_lag3,4539,4220,319,7.0279797
2018,payroll_growth,4539,4400,139,3.0623485
2018,payroll_growth_lag1,4539,4289,250,5.5078211
2018,wage_growth,4539,4400,139,3.0623485
2018,average_pay_growth_lag1,4539,4289,250,5.5078211
2018,acs_population_growth,4539,4318,221,4.8689139
2018,median_household_income,4539,4329,210,4.6265697
2018,educational_attainment_pct,4539,4329,210,4.6265697
2018,labor_force_participation_pct,4539,4329,210,4.6265697
2018,unemployment_rate,4539,4329,210,4.6265697
2018,cbp_employment,4539,4479,60,1.3218771
2018,cbp_establishments,4539,4479,60,1.3218771
2018,cbp_annual_payroll,4539,4479,60,1.3218771
2018,cbp_first_quarter_payroll,4539,4479,60,1.3218771
2019,startup_rate,4540,4540,0,0
2019,startup_rate_lag1,4540,4232,308,6.784141
2019,startup_rate_lag2,4540,4230,310,6.8281938
2019,startup_rate_lag3,4540,4246,294,6.4757709
2019,employment_growth,4540,4395,145,3.1938326
2019,employment_growth_lag1,4540,4292,248,5.4625551
2019,employment_growth_lag2,4540,4235,305,6.7180617
2019,employment_growth_lag3,4540,4207,333,7.3348018
2019,establishment_growth,4540,4395,145,3.1938326
2019,establishment_growth_lag1,4540,4292,248,5.4625551
2019,establishment_growth_lag2,4540,4235,305,6.7180617
2019,establishment_growth_lag3,4540,4207,333,7.3348018
2019,payroll_growth,4540,4395,145,3.1938326
2019,payroll_growth_lag1,4540,4292,248,5.4625551
2019,wage_growth,4540,4395,145,3.1938326
2019,average_pay_growth_lag1,4540,4292,248,5.4625551
2019,acs_population_growth,4540,4332,208,4.5814978
2019,median_household_income,4540,4360,180,3.9647577
2019,educational_attainment_pct,4540,4360,180,3.9647577
2019,labor_force_participation_pct,4540,4360,180,3.9647577
2019,unemployment_rate,4540,4360,180,3.9647577
2019,cbp_employment,4540,4477,63,1.3876652
2019,cbp_establishments,4540,4477,63,1.3876652
2019,cbp_annual_payroll,4540,4477,63,1.3876652
2019,cbp_first_quarter_payroll,4540,4477,63,1.3876652
2020,startup_rate,4523,4523,0,0
2020,startup_rate_lag1,4523,4213,310,6.8538581
2020,startup_rate_lag2,4523,4212,311,6.8759673
2020,startup_rate_lag3,4523,4213,310,6.8538581
2020,employment_growth,4523,4370,153,3.3827106
2020,employment_growth_lag1,4523,4267,256,5.6599602
2020,employment_growth_lag2,4523,4220,303,6.6990935
2020,employment_growth_lag3,4523,4186,337,7.450807
2020,establishment_growth,4523,4370,153,3.3827106
2020,establishment_growth_lag1,4523,4267,256,5.6599602
2020,establishment_growth_lag2,4523,4220,303,6.6990935
2020,establishment_growth_lag3,4523,4186,337,7.450807
2020,payroll_growth,4523,4370,153,3.3827106
2020,payroll_growth_lag1,4523,4267,256,5.6599602
2020,wage_growth,4523,4370,153,3.3827106
2020,average_pay_growth_lag1,4523,4267,256,5.6599602
2020,acs_population_growth,4523,4348,175,3.8691134
2020,median_household_income,4523,4348,175,3.8691134
2020,educational_attainment_pct,4523,4348,175,3.8691134
2020,labor_force_participation_pct,4523,4348,175,3.8691134
2020,unemployment_rate,4523,4348,175,3.8691134
2020,cbp_employment,4523,4456,67,1.4813177
2020,cbp_establishments,4523,4456,67,1.4813177
2020,cbp_annual_payroll,4523,4456,67,1.4813177
2020,cbp_first_quarter_payroll,4523,4456,67,1.4813177
2021,startup_rate,4544,4544,0,0
2021,startup_rate_lag1,4544,4219,325,7.1522887
2021,startup_rate_lag2,4544,4219,325,7.1522887
2021,startup_rate_lag3,4544,4221,323,7.1082746
2021,employment_growth,4544,4384,160,3.5211268
2021,employment_growth_lag1,4544,4269,275,6.0519366
2021,employment_growth_lag2,4544,4244,300,6.6021127
2021,employment_growth_lag3,4544,4211,333,7.3283451
2021,establishment_growth,4544,4384,160,3.5211268
2021,establishment_growth_lag1,4544,4269,275,6.0519366
2021,establishment_growth_lag2,4544,4244,300,6.6021127
2021,establishment_growth_lag3,4544,4211,333,7.3283451
2021,payroll_growth,4544,4384,160,3.5211268
2021,payroll_growth_lag1,4544,4269,275,6.0519366
2021,wage_growth,4544,4384,160,3.5211268
2021,average_pay_growth_lag1,4544,4269,275,6.0519366
2021,acs_population_growth,4544,4364,180,3.9612676
2021,median_household_income,4544,4364,180,3.9612676
2021,educational_attainment_pct,4544,4364,180,3.9612676
2021,labor_force_participation_pct,4544,4364,180,3.9612676
2021,unemployment_rate,4544,4364,180,3.9612676
2021,cbp_employment,4544,4470,74,1.6285211
2021,cbp_establishments,4544,4470,74,1.6285211
2021,cbp_annual_payroll,4544,4470,74,1.6285211
2021,cbp_first_quarter_payroll,4544,4470,74,1.6285211
2022,startup_rate,4662,4662,0,0
2022,startup_rate_lag1,4662,4327,335,7.1857572
2022,startup_rate_lag2,4662,4316,346,7.4217074
2022,startup_rate_lag3,4662,4325,337,7.2286572
2022,employment_growth,4662,4454,208,4.4616045
2022,employment_growth_lag1,4662,4329,333,7.1428571
2022,employment_growth_lag2,4662,4296,366,7.8507079
2022,employment_growth_lag3,4662,4278,384,8.2368082
2022,establishment_growth,4662,4454,208,4.4616045
2022,establishment_growth_lag1,4662,4329,333,7.1428571
2022,establishment_growth_lag2,4662,4296,366,7.8507079
2022,establishment_growth_lag3,4662,4278,384,8.2368082
2022,payroll_growth,4662,4454,208,4.4616045
2022,payroll_growth_lag1,4662,4329,333,7.1428571
2022,wage_growth,4662,4454,208,4.4616045
2022,average_pay_growth_lag1,4662,4329,333,7.1428571
2022,acs_population_growth,4662,4479,183,3.9253539
2022,median_household_income,4662,4479,183,3.9253539
2022,educational_attainment_pct,4662,4479,183,3.9253539
2022,labor_force_participation_pct,4662,4479,183,3.9253539
2022,unemployment_rate,4662,4479,183,3.9253539
2022,cbp_employment,4662,4592,70,1.5015015
2022,cbp_establishments,4662,4592,70,1.5015015
2022,cbp_annual_payroll,4662,4592,70,1.5015015
2022,cbp_first_quarter_payroll,4662,4592,70,1.5015015
2023,startup_rate,4617,4617,0,0
2023,startup_rate_lag1,4617,4340,277,5.9995668
2023,startup_rate_lag2,4617,4288,329,7.1258393
2023,startup_rate_lag3,4617,4276,341,7.3857483
2023,employment_growth,4617,4464,153,3.3138402
2023,employment_growth_lag1,4617,4305,312,6.7576348
2023,employment_growth_lag2,4617,4247,370,8.0138618
2023,employment_growth_lag3,4617,4240,377,8.1654754
2023,establishment_growth,4617,4464,153,3.3138402
2023,establishment_growth_lag1,4617,4305,312,6.7576348
2023,establishment_growth_lag2,4617,4247,370,8.0138618
2023,establishment_growth_lag3,4617,4240,377,8.1654754
2023,payroll_growth,4617,4464,153,3.3138402
2023,payroll_growth_lag1,4617,4305,312,6.7576348
2023,wage_growth,4617,4464,153,3.3138402
2023,average_pay_growth_lag1,4617,4305,312,6.7576348
2023,acs_population_growth,4617,4442,175,3.79034
2023,median_household_income,4617,4617,0,0
2023,educational_attainment_pct,4617,4617,0,0
2023,labor_force_participation_pct,4617,4617,0,0
2023,unemployment_rate,4617,4617,0,0
2023,cbp_employment,4617,4552,65,1.4078406
2023,cbp_establishments,4617,4552,65,1.4078406
2023,cbp_annual_payroll,4617,4552,65,1.4078406
2023,cbp_first_quarter_payroll,4617,4552,65,1.4078406
