x,y,method,coefficient,p_value,n,sample_grain
employment_growth,startup_rate,pearson,0.098772205,9.0012998e-124,57109,msa_sector_year_pooled
employment_growth,startup_rate,spearman,0.19307336,0,57109,msa_sector_year_pooled
establishment_growth,startup_rate,pearson,0.088106846,8.6743857e-99,57109,msa_sector_year_pooled
establishment_growth,startup_rate,spearman,0.29027639,0,57109,msa_sector_year_pooled
payroll_growth,startup_rate,pearson,0.076716408,2.748365e-75,57109,msa_sector_year_pooled
payroll_growth,startup_rate,spearman,0.17885384,0,57109,msa_sector_year_pooled
wage_growth,startup_rate,pearson,0.014215707,0.00068055716,57109,msa_sector_year_pooled
wage_growth,startup_rate,spearman,0.050287477,2.6325904e-33,57109,msa_sector_year_pooled
acs_population_growth,startup_rate,pearson,0.048588064,2.2287938e-30,55515,msa_sector_year_pooled
acs_population_growth,startup_rate,spearman,0.25073953,0,55515,msa_sector_year_pooled
median_household_income,startup_rate,pearson,0.15726057,0,60039,msa_sector_year_pooled
median_household_income,startup_rate,spearman,0.18016006,0,60039,msa_sector_year_pooled
educational_attainment_pct,startup_rate,pearson,0.1382711,5.0999408e-254,60039,msa_sector_year_pooled
educational_attainment_pct,startup_rate,spearman,0.18127932,0,60039,msa_sector_year_pooled
labor_force_participation_pct,startup_rate,pearson,0.016205832,7.1550605e-05,60039,msa_sector_year_pooled
labor_force_participation_pct,startup_rate,spearman,0.050150677,9.5372323e-35,60039,msa_sector_year_pooled
unemployment_rate,startup_rate,pearson,-0.047206395,5.6389747e-31,60039,msa_sector_year_pooled
unemployment_rate,startup_rate,spearman,-0.050364789,4.9694926e-35,60039,msa_sector_year_pooled
acs_population_growth,startup_rate,pearson,0.10100452,4.9982578e-12,4653,msa_year_means_across_sectors
acs_population_growth,startup_rate,spearman,0.47962043,2.3670964e-266,4653,msa_year_means_across_sectors
acs_population_growth,employment_growth,pearson,0.030335316,0.038738466,4643,msa_year_means_across_sectors
acs_population_growth,employment_growth,spearman,0.24556112,9.9591632e-65,4643,msa_year_means_across_sectors
median_household_income,startup_rate,pearson,0.34594493,1.8089156e-141,5033,msa_year_means_across_sectors
median_household_income,startup_rate,spearman,0.34356868,1.9579914e-139,5033,msa_year_means_across_sectors
median_household_income,employment_growth,pearson,0.091090866,4.2228434e-10,4684,msa_year_means_across_sectors
median_household_income,employment_growth,spearman,0.17987686,2.3418816e-35,4684,msa_year_means_across_sectors
educational_attainment_pct,startup_rate,pearson,0.31453356,5.5728721e-116,5033,msa_year_means_across_sectors
educational_attainment_pct,startup_rate,spearman,0.35766732,9.1003645e-152,5033,msa_year_means_across_sectors
educational_attainment_pct,employment_growth,pearson,0.06458026,9.7206789e-06,4684,msa_year_means_across_sectors
educational_attainment_pct,employment_growth,spearman,0.12974192,4.8853327e-19,4684,msa_year_means_across_sectors
labor_force_participation_pct,startup_rate,pearson,0.072193939,2.9420877e-07,5033,msa_year_means_across_sectors
labor_force_participation_pct,startup_rate,spearman,0.1262487,2.4653459e-19,5033,msa_year_means_across_sectors
labor_force_participation_pct,employment_growth,pearson,0.0094184178,0.51929245,4684,msa_year_means_across_sectors
labor_force_participation_pct,employment_growth,spearman,0.035968909,0.013822521,4684,msa_year_means_across_sectors
unemployment_rate,startup_rate,pearson,-0.10306535,2.3094402e-13,5033,msa_year_means_across_sectors
unemployment_rate,startup_rate,spearman,-0.10087287,7.3472762e-13,5033,msa_year_means_across_sectors
unemployment_rate,employment_growth,pearson,0.022582526,0.12226717,4684,msa_year_means_across_sectors
unemployment_rate,employment_growth,spearman,-0.044036145,0.0025741948,4684,msa_year_means_across_sectors
acs_population_growth,employment_growth,pearson,0.014312506,0.00091519612,53655,msa_sector_year_pooled
acs_population_growth,employment_growth,spearman,0.14230587,1.061595e-240,53655,msa_sector_year_pooled
median_household_income,employment_growth,pearson,0.037836835,1.2716132e-18,54157,msa_sector_year_pooled
median_household_income,employment_growth,spearman,0.076976298,5.7592316e-72,54157,msa_sector_year_pooled
educational_attainment_pct,employment_growth,pearson,0.023514404,4.4292575e-08,54157,msa_sector_year_pooled
educational_attainment_pct,employment_growth,spearman,0.064783591,1.8359028e-51,54157,msa_sector_year_pooled
labor_force_participation_pct,employment_growth,pearson,-0.0039746658,0.35499042,54157,msa_sector_year_pooled
labor_force_participation_pct,employment_growth,spearman,0.019053153,9.2378584e-06,54157,msa_sector_year_pooled
unemployment_rate,employment_growth,pearson,0.0082651728,0.054425933,54157,msa_sector_year_pooled
unemployment_rate,employment_growth,spearman,0.0011503601,0.78892889,54157,msa_sector_year_pooled
