quadrant,sector_code,observation_count,percent_within_quadrant
high_growth_high_startup,11,385,2.186382
high_growth_high_startup,21,643,3.6515418
high_growth_high_startup,22,771,4.3784428
high_growth_high_startup,23,1299,7.3769095
high_growth_high_startup,31-33,1100,6.2468056
high_growth_high_startup,42,770,4.3727639
high_growth_high_startup,44-45,1380,7.8369016
high_growth_high_startup,48-49,757,4.298938
high_growth_high_startup,51,743,4.2194332
high_growth_high_startup,52,1071,6.0821171
high_growth_high_startup,53,1113,6.3206315
high_growth_high_startup,54,932,5.292748
high_growth_high_startup,55,904,5.1337384
high_growth_high_startup,56,910,5.1678119
high_growth_high_startup,61,631,3.5833949
high_growth_high_startup,62,967,5.49151
high_growth_high_startup,71,825,4.6851042
high_growth_high_startup,72,1161,6.5932194
high_growth_high_startup,81,1247,7.081606
high_growth_low_startup,11,135,1.2251565
high_growth_low_startup,23,907,8.231237
high_growth_low_startup,31-33,876,7.9499047
high_growth_low_startup,42,578,5.2454851
high_growth_low_startup,44-45,1030,9.3474907
high_growth_low_startup,48-49,534,4.8461748
high_growth_low_startup,51,553,5.0186042
high_growth_low_startup,52,816,7.4053907
high_growth_low_startup,53,865,7.8500771
high_growth_low_startup,54,647,5.8716762
high_growth_low_startup,56,745,6.7610491
high_growth_low_startup,61,420,3.8115981
high_growth_low_startup,62,574,5.2091841
high_growth_low_startup,71,723,6.561394
high_growth_low_startup,72,775,7.0333061
high_growth_low_startup,81,841,7.6322715
low_growth_high_startup,11,364,2.6903178
low_growth_high_startup,21,636,4.7006652
low_growth_high_startup,22,742,5.4841094
low_growth_high_startup,23,907,6.7036216
low_growth_high_startup,31-33,879,6.4966741
low_growth_high_startup,42,585,4.3237251
low_growth_high_startup,44-45,1024,7.5683666
low_growth_high_startup,48-49,543,4.0133038
low_growth_high_startup,51,552,4.0798226
low_growth_high_startup,52,818,6.0458241
low_growth_high_startup,53,854,6.3118995
low_growth_high_startup,54,657,4.8558758
low_growth_high_startup,55,892,6.5927568
low_growth_high_startup,56,753,5.5654102
low_growth_high_startup,61,424,3.1337768
low_growth_high_startup,62,573,4.2350333
low_growth_high_startup,71,723,5.3436807
low_growth_high_startup,72,765,5.654102
low_growth_high_startup,81,839,6.2010347
low_growth_low_startup,11,148,0.98990034
low_growth_low_startup,23,1291,8.6348739
low_growth_low_startup,31-33,1092,7.3038593
low_growth_low_startup,42,755,5.0498294
low_growth_low_startup,44-45,1382,9.2435289
low_growth_low_startup,48-49,741,4.9561902
low_growth_low_startup,51,737,4.9294362
low_growth_low_startup,52,1064,7.1165808
low_growth_low_startup,53,1118,7.4777607
low_growth_low_startup,54,914,6.1133035
low_growth_low_startup,56,899,6.0129757
low_growth_low_startup,61,621,4.1535683
low_growth_low_startup,62,963,6.4410407
low_growth_low_startup,71,822,5.49796
low_growth_low_startup,72,1164,7.7854324
low_growth_low_startup,81,1240,8.2937596
