quadrant,year,observation_count,percent_within_quadrant
high_growth_high_startup,2011,1288,7.3144415
high_growth_high_startup,2012,1276,7.2462945
high_growth_high_startup,2013,1341,7.6154239
high_growth_high_startup,2014,1406,7.9845534
high_growth_high_startup,2015,1370,7.7801124
high_growth_high_startup,2016,1393,7.9107275
high_growth_high_startup,2017,1399,7.944801
high_growth_high_startup,2018,1433,8.137884
high_growth_high_startup,2019,1375,7.808507
high_growth_high_startup,2020,1367,7.7630757
high_growth_high_startup,2021,1321,7.5018456
high_growth_high_startup,2022,1344,7.6324607
high_growth_high_startup,2023,1296,7.3598728
high_growth_low_startup,2011,913,8.2856884
high_growth_low_startup,2012,900,8.1677103
high_growth_low_startup,2013,840,7.6231963
high_growth_low_startup,2014,799,7.2511117
high_growth_low_startup,2015,833,7.5596697
high_growth_low_startup,2016,818,7.4235412
high_growth_low_startup,2017,789,7.1603594
high_growth_low_startup,2018,775,7.0333061
high_growth_low_startup,2019,828,7.5142935
high_growth_low_startup,2020,822,7.4598421
high_growth_low_startup,2021,875,7.9408295
high_growth_low_startup,2022,887,8.0497323
high_growth_low_startup,2023,940,8.5307197
low_growth_high_startup,2011,1130,8.3518108
low_growth_high_startup,2012,1063,7.8566149
low_growth_high_startup,2013,1054,7.7900961
low_growth_high_startup,2014,1034,7.6422764
low_growth_high_startup,2015,1024,7.5683666
low_growth_high_startup,2016,1027,7.5905395
low_growth_high_startup,2017,970,7.1692535
low_growth_high_startup,2018,952,7.0362158
low_growth_high_startup,2019,1002,7.405765
low_growth_high_startup,2020,1029,7.6053215
low_growth_high_startup,2021,1074,7.9379157
low_growth_high_startup,2022,1063,7.8566149
low_growth_high_startup,2023,1108,8.1892092
low_growth_low_startup,2011,1058,7.0764497
low_growth_low_startup,2012,1099,7.3506789
low_growth_low_startup,2013,1118,7.4777607
low_growth_low_startup,2014,1160,7.7586783
low_growth_low_startup,2015,1171,7.832252
low_growth_low_startup,2016,1163,7.7787439
low_growth_low_startup,2017,1206,8.0663501
low_growth_low_startup,2018,1240,8.2937596
low_growth_low_startup,2019,1190,7.9593338
low_growth_low_startup,2020,1152,7.7051702
low_growth_low_startup,2021,1114,7.4510066
low_growth_low_startup,2022,1160,7.7586783
low_growth_low_startup,2023,1120,7.4911377
