model,term,coefficient,std_error,ci_lower,ci_upper,p_value,n,r_squared,covariance
bivariate,const,6.3995522,0.040429879,6.3203111,6.4787933,0,57109,0.0097559484,panel_clustered
bivariate,employment_growth,4.2074,0.38290077,3.4569283,4.9578718,4.3540235e-28,57109,0.0097559484,panel_clustered
year_controls,const,5.9104153,0.052362524,5.8077866,6.0130439,0,57109,0.018945172,panel_clustered
year_controls,employment_growth,4.2411413,0.4139382,3.4298373,5.0524453,1.2355712e-24,57109,0.018945172,panel_clustered
year_controls,year_2012,0.17374085,0.054006775,0.067889518,0.27959219,0.0012952977,57109,0.018945172,panel_clustered
year_controls,year_2013,0.059415388,0.053502761,-0.045448096,0.16427887,0.26677902,57109,0.018945172,panel_clustered
year_controls,year_2014,0.15133035,0.058557086,0.036560569,0.26610013,0.0097570738,57109,0.018945172,panel_clustered
year_controls,year_2015,0.22900198,0.057322891,0.11665118,0.34135278,6.4708406e-05,57109,0.018945172,panel_clustered
year_controls,year_2016,0.38990323,0.054797201,0.28250269,0.49730377,1.1160012e-12,57109,0.018945172,panel_clustered
year_controls,year_2017,0.45587187,0.056571373,0.34499402,0.56674973,7.7331724e-16,57109,0.018945172,panel_clustered
year_controls,year_2018,0.47435161,0.058063351,0.36054953,0.58815368,3.0953488e-16,57109,0.018945172,panel_clustered
year_controls,year_2019,0.50478431,0.057616791,0.39185747,0.61771114,1.9341864e-18,57109,0.018945172,panel_clustered
year_controls,year_2020,0.89703663,0.069335158,0.76114222,1.032931,2.7580553e-38,57109,0.018945172,panel_clustered
year_controls,year_2021,0.73384452,0.063019799,0.61032799,0.85736106,2.4427639e-31,57109,0.018945172,panel_clustered
year_controls,year_2022,1.1834524,0.06150642,1.0629021,1.3040028,1.6754783e-82,57109,0.018945172,panel_clustered
year_controls,year_2023,1.0752109,0.059426678,0.9587368,1.1916851,3.6139517e-73,57109,0.018945172,panel_clustered
sector_controls,const,6.8580273,0.45455064,5.9671245,7.7489302,1.9575376e-51,57109,0.33388897,panel_clustered
sector_controls,employment_growth,3.5320947,0.28206111,2.9792651,4.0849244,5.6274465e-36,57109,0.33388897,panel_clustered
sector_controls,sector_code_21,-3.8196304,0.56794856,-4.9327891,-2.7064716,1.7521845e-11,57109,0.33388897,panel_clustered
sector_controls,sector_code_22,-6.009667,0.49843891,-6.9865893,-5.0327447,1.7820226e-33,57109,0.33388897,panel_clustered
sector_controls,sector_code_23,1.0431328,0.46243259,0.1367816,1.9494841,0.024086224,57109,0.33388897,panel_clustered
sector_controls,sector_code_31-33,-2.1837864,0.46176754,-3.0888341,-1.2787387,2.2541738e-06,57109,0.33388897,panel_clustered
sector_controls,sector_code_42,-2.8814986,0.46389968,-3.7907253,-1.972272,5.2491438e-10,57109,0.33388897,panel_clustered
sector_controls,sector_code_44-45,-1.0918834,0.46184093,-1.997075,-0.18669178,0.018069156,57109,0.33388897,panel_clustered
sector_controls,sector_code_48-49,2.770102,0.48830343,1.8130448,3.7271591,1.4039107e-08,57109,0.33388897,panel_clustered
sector_controls,sector_code_51,-0.42763648,0.50021001,-1.4080301,0.55275712,0.39259882,57109,0.33388897,panel_clustered
sector_controls,sector_code_52,-1.7496071,0.46120557,-2.6535535,-0.84566082,0.00014850776,57109,0.33388897,panel_clustered
sector_controls,sector_code_53,1.3443411,0.46578545,0.43141843,2.2572638,0.0038994778,57109,0.33388897,panel_clustered
sector_controls,sector_code_54,0.3742858,0.4681316,-0.54323528,1.2918069,0.42398249,57109,0.33388897,panel_clustered
sector_controls,sector_code_55,-6.5184437,0.4632893,-7.426474,-5.6104133,5.8134728e-45,57109,0.33388897,panel_clustered
sector_controls,sector_code_56,1.3128708,0.46415821,0.40313745,2.2226042,0.0046766912,57109,0.33388897,panel_clustered
sector_controls,sector_code_61,0.93377734,0.48649688,-0.019739024,1.8872937,0.054934971,57109,0.33388897,panel_clustered
sector_controls,sector_code_62,-1.2969558,0.46370218,-2.2057954,-0.38811621,0.005158615,57109,0.33388897,panel_clustered
sector_controls,sector_code_71,2.2648051,0.47386502,1.3360467,3.1935635,1.7579212e-06,57109,0.33388897,panel_clustered
sector_controls,sector_code_72,1.760422,0.46330435,0.85236214,2.6684818,0.00014486575,57109,0.33388897,panel_clustered
sector_controls,sector_code_81,-1.1786372,0.46282809,-2.0857636,-0.27151086,0.010877856,57109,0.33388897,panel_clustered
year_sector_controls,const,6.4014589,0.45246137,5.5146509,7.2882669,1.9193088e-45,57109,0.34197284,panel_clustered
year_sector_controls,employment_growth,3.5021423,0.30153018,2.911154,4.0931306,3.4754767e-31,57109,0.34197284,panel_clustered
year_sector_controls,year_2012,0.17127145,0.050991373,0.071330193,0.2712127,0.00078272678,57109,0.34197284,panel_clustered
year_sector_controls,year_2013,0.041525249,0.050789406,-0.058020157,0.14107065,0.41358753,57109,0.34197284,panel_clustered
year_sector_controls,year_2014,0.15531349,0.055586352,0.046366242,0.26426074,0.0052045354,57109,0.34197284,panel_clustered
year_sector_controls,year_2015,0.22531945,0.053983541,0.11951365,0.33112524,2.9948901e-05,57109,0.34197284,panel_clustered
year_sector_controls,year_2016,0.39652574,0.050829154,0.29690243,0.49614905,6.1346597e-15,57109,0.34197284,panel_clustered
year_sector_controls,year_2017,0.4420602,0.052846661,0.33848265,0.54563776,6.0135349e-17,57109,0.34197284,panel_clustered
year_sector_controls,year_2018,0.44634111,0.054339601,0.33983745,0.55284477,2.1408296e-16,57109,0.34197284,panel_clustered
year_sector_controls,year_2019,0.47944685,0.053662603,0.37427008,0.58462362,4.0913893e-19,57109,0.34197284,panel_clustered
year_sector_controls,year_2020,0.77759324,0.060853096,0.65832337,0.89686312,2.1702463e-37,57109,0.34197284,panel_clustered
year_sector_controls,year_2021,0.68944366,0.058592028,0.5746054,0.80428193,5.7843691e-32,57109,0.34197284,panel_clustered
year_sector_controls,year_2022,1.1583668,0.056824631,1.0469925,1.269741,2.2749004e-92,57109,0.34197284,panel_clustered
year_sector_controls,year_2023,0.99959106,0.055220017,0.89136182,1.1078203,3.0747482e-73,57109,0.34197284,panel_clustered
year_sector_controls,sector_code_21,-3.8124894,0.56774663,-4.9252523,-2.6997264,1.8790556e-11,57109,0.34197284,panel_clustered
year_sector_controls,sector_code_22,-6.0146108,0.49756201,-6.9898144,-5.0394072,1.2198333e-33,57109,0.34197284,panel_clustered
year_sector_controls,sector_code_23,1.0372286,0.46179083,0.13213516,1.9423219,0.024697579,57109,0.34197284,panel_clustered
year_sector_controls,sector_code_31-33,-2.1933604,0.46107313,-3.0970471,-1.2896737,1.9641624e-06,57109,0.34197284,panel_clustered
year_sector_controls,sector_code_42,-2.878119,0.4632314,-3.7860359,-1.9702022,5.193795e-10,57109,0.34197284,panel_clustered
year_sector_controls,sector_code_44-45,-1.0952904,0.46113943,-1.9991071,-0.19147375,0.017540263,57109,0.34197284,panel_clustered
year_sector_controls,sector_code_48-49,2.7495826,0.48761422,1.7938763,3.7052889,1.7119124e-08,57109,0.34197284,panel_clustered
year_sector_controls,sector_code_51,-0.43520631,0.49952434,-1.414256,0.5438434,0.38362233,57109,0.34197284,panel_clustered
year_sector_controls,sector_code_52,-1.7500504,0.46045893,-2.6525333,-0.84756748,0.00014430796,57109,0.34197284,panel_clustered
year_sector_controls,sector_code_53,1.3374444,0.465098,0.42586909,2.2490197,0.0040323675,57109,0.34197284,panel_clustered
year_sector_controls,sector_code_54,0.37510977,0.46741529,-0.54100737,1.2912269,0.42225266,57109,0.34197284,panel_clustered
year_sector_controls,sector_code_55,-6.5134822,0.46266908,-7.4202969,-5.6066674,5.1814061e-45,57109,0.34197284,panel_clustered
year_sector_controls,sector_code_56,1.3042093,0.46341951,0.39592377,2.2124949,0.0048881028,57109,0.34197284,panel_clustered
year_sector_controls,sector_code_61,0.92137915,0.48578796,-0.030747768,1.8735061,0.05787159,57109,0.34197284,panel_clustered
year_sector_controls,sector_code_62,-1.2994258,0.46302938,-2.2069467,-0.39190487,0.0050105135,57109,0.34197284,panel_clustered
year_sector_controls,sector_code_71,2.2540545,0.47317551,1.3266475,3.1814614,1.9009836e-06,57109,0.34197284,panel_clustered
year_sector_controls,sector_code_72,1.7563012,0.46263118,0.84956071,2.6630416,0.00014685329,57109,0.34197284,panel_clustered
year_sector_controls,sector_code_81,-1.1820125,0.46209057,-2.0876934,-0.2763316,0.010528605,57109,0.34197284,panel_clustered
regional_controls_year_sector,const,5.407871,0.66468939,4.1051037,6.7106383,4.0876466e-16,53655,0.36745903,panel_clustered
regional_controls_year_sector,employment_growth,3.3243899,0.29969502,2.7369984,3.9117813,1.3630497e-28,53655,0.36745903,panel_clustered
regional_controls_year_sector,acs_population_growth,4.3021633,0.67000054,2.9889864,5.6153403,1.352628e-10,53655,0.36745903,panel_clustered
regional_controls_year_sector,median_household_income,3.8458209e-05,3.2109248e-06,3.2164912e-05,4.4751506e-05,4.6729704e-33,53655,0.36745903,panel_clustered
regional_controls_year_sector,educational_attainment_pct,0.03999076,0.0043153932,0.031532744,0.048448775,1.9145057e-20,53655,0.36745903,panel_clustered
regional_controls_year_sector,labor_force_participation_pct,-0.046849683,0.0071305629,-0.06082533,-0.032874037,5.0226029e-11,53655,0.36745903,panel_clustered
regional_controls_year_sector,unemployment_rate,0.12861852,0.014364165,0.10046527,0.15677176,3.4244313e-19,53655,0.36745903,panel_clustered
regional_controls_year_sector,year_2012,0.056224318,0.053468207,-0.048571442,0.16102008,0.29300756,53655,0.36745903,panel_clustered
regional_controls_year_sector,year_2013,-0.26001466,0.05389612,-0.36564912,-0.15438021,1.4044858e-06,53655,0.36745903,panel_clustered
regional_controls_year_sector,year_2014,-0.080886886,0.057178361,-0.19295442,0.031180642,0.15717362,53655,0.36745903,panel_clustered
regional_controls_year_sector,year_2015,0.099308933,0.057701304,-0.013783544,0.21240141,0.085235135,53655,0.36745903,panel_clustered
regional_controls_year_sector,year_2016,0.30021092,0.05888723,0.18479407,0.41562777,3.4314309e-07,53655,0.36745903,panel_clustered
regional_controls_year_sector,year_2017,0.34157256,0.065732741,0.21273875,0.47040636,2.0320242e-07,53655,0.36745903,panel_clustered
regional_controls_year_sector,year_2018,0.30695614,0.076221059,0.15756561,0.45634667,5.6449148e-05,53655,0.36745903,panel_clustered
regional_controls_year_sector,year_2019,0.28173497,0.083688625,0.11770828,0.44576166,0.00076137781,53655,0.36745903,panel_clustered
regional_controls_year_sector,year_2020,0.48846759,0.091717089,0.3087054,0.66822978,1.0050533e-07,53655,0.36745903,panel_clustered
regional_controls_year_sector,year_2021,0.26114041,0.09327292,0.078328843,0.44395197,0.0051142964,53655,0.36745903,panel_clustered
regional_controls_year_sector,year_2022,0.50975766,0.10384709,0.30622111,0.71329422,9.1666526e-07,53655,0.36745903,panel_clustered
regional_controls_year_sector,year_2023,0.23341995,0.10891892,0.019942786,0.44689712,0.032108159,53655,0.36745903,panel_clustered
regional_controls_year_sector,sector_code_21,-3.8088282,0.57282216,-4.931539,-2.6861174,2.9462358e-11,53655,0.36745903,panel_clustered
regional_controls_year_sector,sector_code_22,-6.0515185,0.48814633,-7.0082677,-5.0947692,2.7151075e-35,53655,0.36745903,panel_clustered
regional_controls_year_sector,sector_code_23,0.99118584,0.45043752,0.10834453,1.8740271,0.027771742,53655,0.36745903,panel_clustered
regional_controls_year_sector,sector_code_31-33,-2.275058,0.44961507,-3.1562873,-1.3938286,4.1922848e-07,53655,0.36745903,panel_clustered
regional_controls_year_sector,sector_code_42,-3.0194728,0.45171943,-3.9048266,-2.134119,2.3187472e-11,53655,0.36745903,panel_clustered
regional_controls_year_sector,sector_code_44-45,-1.1027938,0.45005379,-1.984883,-0.22070453,0.01427135,53655,0.36745903,panel_clustered
regional_controls_year_sector,sector_code_48-49,2.6872212,0.4785092,1.7493604,3.625082,1.9563298e-08,53655,0.36745903,panel_clustered
regional_controls_year_sector,sector_code_51,-0.55231212,0.48578153,-1.5044264,0.39980219,0.25555678,53655,0.36745903,panel_clustered
regional_controls_year_sector,sector_code_52,-1.8440355,0.44917144,-2.7243953,-0.96367561,4.0358856e-05,53655,0.36745903,panel_clustered
regional_controls_year_sector,sector_code_53,1.2174914,0.45370866,0.32823875,2.106744,0.0072873175,53655,0.36745903,panel_clustered
regional_controls_year_sector,sector_code_54,0.25953225,0.45585231,-0.63392186,1.1529864,0.56912945,53655,0.36745903,panel_clustered
regional_controls_year_sector,sector_code_55,-6.5878101,0.45219197,-7.4740901,-5.7015302,4.4482548e-48,53655,0.36745903,panel_clustered
regional_controls_year_sector,sector_code_56,1.1752288,0.45219105,0.28895065,2.061507,0.0093505239,53655,0.36745903,panel_clustered
regional_controls_year_sector,sector_code_61,0.667997,0.47568461,-0.2643277,1.6003217,0.16023385,53655,0.36745903,panel_clustered
regional_controls_year_sector,sector_code_62,-1.4491364,0.45177502,-2.3345991,-0.56367359,0.0013382403,53655,0.36745903,panel_clustered
regional_controls_year_sector,sector_code_71,2.151472,0.46309225,1.2438279,3.0591162,3.3862631e-06,53655,0.36745903,panel_clustered
regional_controls_year_sector,sector_code_72,1.6716843,0.45164808,0.7864703,2.5568982,0.00021449913,53655,0.36745903,panel_clustered
regional_controls_year_sector,sector_code_81,-1.2504445,0.45032775,-2.1330707,-0.36781839,0.0054906525,53655,0.36745903,panel_clustered
