sector_code,variable,row_count,count,missing_count,missing_pct,mean,median,std,p05,p25,p75,p95,min,max,iqr,mad,zero_pct,msa_count,year_count
11,startup_rate,1206,1206,0,0,6.7511108,0,9.1031513,0,0,11.931414,22.727273,0,80,11.931414,0,51.3267,214,14
11,employment_growth,1206,1032,174,14.427861,0.016349071,0.0091642036,0.12585668,-0.11534924,-0.031535565,0.048387097,0.15641699,-0.50381679,1.8276515,0.079922662,0.039668959,1.3565891,214,14
11,establishment_growth,1206,1032,174,14.427861,0.018004367,0.0093271525,0.064732759,-0.070073892,-0.015099092,0.043478261,0.11538462,-0.22222222,0.61538462,0.058577353,0.02833526,10.949612,214,14
11,payroll_growth,1206,1032,174,14.427861,0.057791532,0.050719886,0.13780308,-0.10042336,0.0033236341,0.095802867,0.22814233,-0.63775297,1.8505938,0.092479233,0.046345488,0,214,14
11,wage_growth,1206,1032,174,14.427861,0.041201873,0.039890338,0.062793713,-0.049003618,0.01281626,0.066021757,0.14036384,-0.28712201,0.40222698,0.053205497,0.026264049,0,214,14
11,acs_population_growth,1206,1041,165,13.681592,0.0082598084,0.0060937178,0.034372019,-0.0081943954,0.00032789438,0.013376543,0.0263313,-0.25662353,0.71957875,0.013048648,0.006335273,0,214,14
11,unemployment_rate,1206,1127,79,6.5505804,7.369299,6.9,2.6102166,4,5.4,8.9,12.3,2.6,17.4,3.5,1.7,0,214,14
11,educational_attainment_pct,1206,1127,79,6.5505804,27.466371,26.3,8.4971595,16,21.2,32.4,43.57,12.9,60.8,11.2,5.7,0,214,14
11,median_household_income,1206,1127,79,6.5505804,57681.607,54700,13653.903,40643.5,47992.5,64409.5,83666.4,31264,118547,16417,8085,0,214,14
11,labor_force_participation_pct,1206,1127,79,6.5505804,61.76575,62.1,5.2901781,53.03,58.9,65.1,69.97,39.7,72.8,6.2,3.1,0,214,14
21,startup_rate,1443,1443,0,0,3.057093,0,5.5068499,0,0,5.4846375,13.505446,0,37.5,5.4846375,0,67.498267,186,14
21,employment_growth,1443,1279,164,11.365211,0.018471514,0.0074626866,0.22256477,-0.30011647,-0.076923077,0.090909091,0.34395899,-0.80952381,1.9411765,0.16783217,0.083895808,3.752932,186,14
21,establishment_growth,1443,1279,164,11.365211,0.0036065182,0,0.12120524,-0.16666667,-0.053667435,0.043478261,0.2,-0.53846154,1.0625,0.097145696,0.05,29.163409,186,14
21,payroll_growth,1443,1279,164,11.365211,0.062400499,0.045213667,0.29912147,-0.30759524,-0.065428605,0.14758396,0.43990027,-0.82431015,4.2273016,0.21301256,0.10604469,0,186,14
21,wage_growth,1443,1279,164,11.365211,0.039104463,0.034268572,0.11921964,-0.1236521,-0.011336808,0.079295656,0.21050155,-0.5339709,1.2402662,0.090632464,0.045533085,0,186,14
21,acs_population_growth,1443,1262,181,12.543313,0.0069737072,0.0051634338,0.029631445,-0.0086971329,-0.00036296822,0.012530902,0.026236714,-0.25662353,0.71957875,0.012893871,0.006359799,0,186,14
21,unemployment_rate,1443,1358,85,5.8905059,7.3195876,6.8,2.5999035,3.9,5.4,8.7,12.515,2.3,17.4,3.3,1.6,0,186,14
21,educational_attainment_pct,1443,1358,85,5.8905059,26.513844,24.9,8.5727439,15.3,20.5,31.2,42.915,11.9,63.2,10.7,5.3,0,186,14
21,median_household_income,1443,1358,85,5.8905059,56871.987,54128.5,12961.562,41077.2,47899,63250.5,82039.5,31879,114742,15351.5,7383.5,0,186,14
21,labor_force_participation_pct,1443,1358,85,5.8905059,61.814433,62.1,5.3202521,53.27,58.7,65.3,70.1,39.4,73.8,6.6,3.3,0,186,14
22,startup_rate,1690,1690,0,0,0.86809118,0,3.4760467,0,0,0,7.2971175,0,33.333333,0,0,92.307692,199,14
22,employment_growth,1690,1513,177,10.473373,0.01145491,0.0021978022,0.12171908,-0.093598281,-0.027746948,0.034912024,0.11974525,-0.71842105,2.3928571,0.062658972,0.030914781,4.2300066,199,14
22,establishment_growth,1690,1513,177,10.473373,0.019080783,0,0.098457361,-0.125,0,0.064102564,0.19764706,-0.33333333,0.6,0.064102564,0.045454545,38.664904,199,14
22,payroll_growth,1690,1513,177,10.473373,0.046033184,0.036248612,0.14295292,-0.081350208,-0.0042091716,0.079612913,0.19395931,-0.75288549,2.3389027,0.083822085,0.041782336,0,199,14
22,wage_growth,1690,1513,177,10.473373,0.033991385,0.031995091,0.065410328,-0.045282914,0.0027153377,0.061874002,0.12153849,-0.57972898,0.74690256,0.059158664,0.029591992,0,199,14
22,acs_population_growth,1690,1492,198,11.715976,0.0067936546,0.005443621,0.034644301,-0.0088028078,-0.0001816324,0.01209269,0.023401651,-0.32869848,0.71957875,0.012274322,0.0060239528,0,199,14
22,unemployment_rate,1690,1607,83,4.9112426,7.4418171,6.9,2.6986148,3.9,5.4,9,12.6,2.3,18.5,3.6,1.7,0,199,14
22,educational_attainment_pct,1690,1607,83,4.9112426,26.157996,24.6,8.4245067,15.2,19.9,31.2,41.47,11.8,63,11.3,5.4,0,199,14
22,median_household_income,1690,1607,83,4.9112426,55670.335,53189,12668.996,39869.2,45988,62539.5,80574.3,31264,108970,16551.5,8011,0,199,14
22,labor_force_participation_pct,1690,1607,83,4.9112426,61.308401,61.9,5.6646331,51.33,58.2,64.9,69.9,25.1,75.3,6.7,3.3,0,199,14
23,startup_rate,4818,4818,0,0,7.8870543,7.6923077,2.3787059,4.35697,6.1629446,9.4223802,11.945611,1.6666667,23.076923,3.2594355,1.6184873,0,367,14
23,employment_growth,4818,4404,414,8.5927771,0.028348643,0.029636655,0.063938849,-0.069814185,-0.0044175925,0.061322697,0.11997522,-0.40273038,0.7101932,0.06574029,0.032698784,0.13623978,367,14
23,establishment_growth,4818,4404,414,8.5927771,0.0095873695,0.011444145,0.04072469,-0.059757583,-0.013536496,0.034188034,0.072534493,-0.1978022,0.24487179,0.04772453,0.023850533,2.5885559,367,14
23,payroll_growth,4818,4404,414,8.5927771,0.067524077,0.068062403,0.094600546,-0.068013673,0.022452754,0.11050457,0.19373404,-0.60271969,1.3637344,0.088051819,0.04396329,0,367,14
23,wage_growth,4818,4404,414,8.5927771,0.036945775,0.036203205,0.042149399,-0.019780646,0.017309549,0.056339616,0.093874057,-0.36463298,0.57210444,0.039030067,0.019347797,0,367,14
23,acs_population_growth,4818,4218,600,12.4533,0.0083191566,0.0060573476,0.04699897,-0.0074321606,0.00039227006,0.012843096,0.025925736,-0.69476897,2.0168738,0.012450826,0.0060544686,0,367,14
23,unemployment_rate,4818,4562,256,5.3134081,7.0481149,6.6,2.6130702,3.6,5.1,8.5,12.1,2.1,18.5,3.4,1.6,0,367,14
23,educational_attainment_pct,4818,4562,256,5.3134081,27.860018,26.8,8.5898831,16.3,21.3,33,44.095,11.8,63.9,11.7,5.8,0,367,14
23,median_household_income,4818,4562,256,5.3134081,56574.936,54055,12754.145,40827.8,47477,62891.25,80592.9,31264,157444,15414.25,7454,0,367,14
23,labor_force_participation_pct,4818,4562,256,5.3134081,62.652937,62.8,5.2504607,54.305,59.6,66.1,70.9,25.1,75.9,6.5,3.3,0,367,14
31-33,startup_rate,4310,4310,0,0,4.6722829,4.3934893,2.0989494,1.9292955,3.2374101,5.8357652,8.4745763,0,18.571429,2.5983552,1.2724499,1.9489559,366,14
31-33,employment_growth,4310,3947,363,8.4222738,0.012991017,0.013692378,0.058336726,-0.068656451,-0.0086926667,0.037937623,0.08404693,-0.32416953,1.9571226,0.04663029,0.023430158,0.22802128,366,14
31-33,establishment_growth,4310,3947,363,8.4222738,0.0090854549,0.0059701493,0.032956059,-0.036917428,-0.011111111,0.025986633,0.066666667,-0.16964286,0.21111111,0.037097744,0.018053875,5.5738536,366,14
31-33,payroll_growth,4310,3947,363,8.4222738,0.041601482,0.040787687,0.082459695,-0.054693907,0.0099893034,0.072400347,0.13660506,-0.40261464,3.117085,0.062411043,0.031145408,0,366,14
31-33,wage_growth,4310,3947,363,8.4222738,0.02797927,0.027260336,0.041238358,-0.02500678,0.0096967396,0.046044836,0.079493511,-0.286544,0.92537459,0.036348096,0.018117589,0,366,14
31-33,acs_population_growth,4310,3797,513,11.902552,0.0087480298,0.0064161721,0.047858205,-0.0065583171,0.00085661786,0.013089758,0.02624669,-0.69476897,2.0168738,0.01223314,0.005996418,0,366,14
31-33,unemployment_rate,4310,4103,207,4.8027842,7.0023154,6.6,2.5436103,3.6,5.1,8.5,11.9,2.2,18.1,3.4,1.6,0,366,14
31-33,educational_attainment_pct,4310,4103,207,4.8027842,28.19866,27.3,8.4484524,16.41,21.9,33.1,44,11.8,63.9,11.2,5.6,0,366,14
31-33,median_household_income,4310,4103,207,4.8027842,57035.549,54359,12857.146,41166.5,48084.5,63307.5,81098.4,31264,157444,15223,7379,0,366,14
31-33,labor_force_participation_pct,4310,4103,207,4.8027842,62.695223,62.8,5.0849547,54.51,59.7,66.1,70.6,25.1,75.9,6.4,3.2,0,366,14
42,startup_rate,3053,3053,0,0,4.0332315,3.7249284,1.9861271,1.3876059,2.745098,5.1428571,7.6004403,0,16.438356,2.3977591,1.140949,3.9305601,317,14
42,employment_growth,3053,2688,365,11.955454,0.012486251,0.012244105,0.052057467,-0.067031903,-0.014649132,0.039265043,0.090247015,-0.30244642,0.46615139,0.053914174,0.026895719,0.1860119,317,14
42,establishment_growth,3053,2688,365,11.955454,0.0047953733,0.0013256378,0.038021755,-0.048074382,-0.018188184,0.023255814,0.071134454,-0.14130435,0.28054299,0.041443998,0.020573247,4.7991071,317,14
42,payroll_growth,3053,2688,365,11.955454,0.050027655,0.04595316,0.078333819,-0.058636321,0.012839313,0.084034176,0.16523727,-0.39801338,1.2462716,0.071194864,0.035157069,0,317,14
42,wage_growth,3053,2688,365,11.955454,0.036848317,0.034890324,0.049432432,-0.028765487,0.014660832,0.057680356,0.10531835,-0.33759488,0.61072096,0.043019525,0.021646858,0,317,14
42,acs_population_growth,3053,2678,375,12.283,0.01006394,0.0065522664,0.051638632,-0.0062982495,0.0010787063,0.014175982,0.027400788,-0.32869848,2.0168738,0.013097275,0.0064033192,0,317,14
42,unemployment_rate,3053,2895,158,5.1752375,7.136304,6.7,2.6502308,3.7,5.2,8.7,12.23,2.1,18.5,3.5,1.7,0,317,14
42,educational_attainment_pct,3053,2895,158,5.1752375,27.9762,26.9,8.6069452,15.9,21.6,33.3,43.6,11.8,63.9,11.7,5.9,0,317,14
42,median_household_income,3053,2895,158,5.1752375,57153.297,54605,12921.332,40670.5,47585,63921,82059.1,31264,112594,16336,7934,0,317,14
42,labor_force_participation_pct,3053,2895,158,5.1752375,62.509672,62.7,5.4631052,53.5,59.4,66,70.9,25.1,75.9,6.6,3.3,0,317,14
44-45,startup_rate,5213,5213,0,0,5.7632261,5.6213018,1.9130842,2.9411765,4.398827,6.9127243,9.1985285,1.1933174,15.706806,2.5138973,1.2529861,0,381,14
44-45,employment_growth,5213,4816,397,7.6155764,0.0055681013,0.0066740119,0.028751109,-0.042677954,-0.0083957702,0.021807389,0.048830246,-0.27435952,0.15054496,0.030203159,0.015100346,0.18687708,381,14
44-45,establishment_growth,5213,4816,397,7.6155764,0.0017135078,0.00094473838,0.019868387,-0.029045643,-0.010543661,0.013187119,0.035014608,-0.095823096,0.13754122,0.02373078,0.011831156,3.4260797,381,14
44-45,payroll_growth,5213,4816,397,7.6155764,0.03970095,0.034646592,0.039956905,-0.0095641041,0.016712221,0.056452602,0.11451987,-0.63290032,0.3335719,0.039740381,0.019418924,0,381,14
44-45,wage_growth,5213,4816,397,7.6155764,0.034038228,0.028023466,0.030515805,-0.0013708431,0.01568579,0.044937576,0.093290076,-0.49409846,0.26856449,0.029251786,0.014028581,0.02076412,381,14
44-45,acs_population_growth,5213,4548,665,12.75657,0.0083350706,0.0060065511,0.046704936,-0.0072101048,0.00050683929,0.012689351,0.026258133,-0.69476897,2.0168738,0.012182512,0.0059572347,0,381,14
44-45,unemployment_rate,5213,4923,290,5.5630155,7.0202113,6.6,2.5715814,3.6,5.1,8.5,12,2.1,18.5,3.4,1.6,0,381,14
44-45,educational_attainment_pct,5213,4923,290,5.5630155,27.792809,26.7,8.4703156,16.4,21.4,32.85,43.69,11.8,63.9,11.45,5.6,0,381,14
44-45,median_household_income,5213,4923,290,5.5630155,56357.134,53863,12723.868,40743.3,47311,62539.5,80329.3,31264,157444,15228.5,7432,0,381,14
44-45,labor_force_participation_pct,5213,4923,290,5.5630155,62.610725,62.7,5.1837683,54.4,59.5,66.1,70.69,25.1,75.9,6.6,3.3,0,381,14
48-49,startup_rate,2916,2916,0,0,9.581972,9.0297554,4.1498342,4.1201808,6.7157587,11.764706,17.548576,0,30.434783,5.0489472,2.5190711,0.96021948,286,14
48-49,employment_growth,2916,2575,341,11.694102,0.035283752,0.029739777,0.090165792,-0.076904179,-0.0058212938,0.064361437,0.16475067,-0.45631488,1.2833876,0.070182731,0.03501985,0.27184466,286,14
48-49,establishment_growth,2916,2575,341,11.694102,0.028067113,0.024,0.053529613,-0.050472616,-0.0029440656,0.056169598,0.11947953,-0.19512195,0.39880952,0.059113663,0.030054054,5.592233,286,14
48-49,payroll_growth,2916,2575,341,11.694102,0.06938673,0.061785182,0.11241114,-0.058583067,0.021324317,0.1069533,0.21705609,-0.50494754,2.7321899,0.085628981,0.042587667,0,286,14
48-49,wage_growth,2916,2575,341,11.694102,0.033349646,0.031183055,0.067939835,-0.034668148,0.0093626124,0.055359269,0.10352696,-0.50490241,2.5448015,0.045996657,0.023055426,0,286,14
48-49,acs_population_growth,2916,2577,339,11.625514,0.0079964512,0.0062582345,0.034112863,-0.0077444797,0.00062459942,0.013267488,0.026446744,-0.32869848,0.71957875,0.012642889,0.0061459932,0,286,14
48-49,unemployment_rate,2916,2767,149,5.1097394,7.192266,6.7,2.627115,3.7,5.3,8.7,12.27,2.2,18.5,3.4,1.6,0,286,14
48-49,educational_attainment_pct,2916,2767,149,5.1097394,26.996133,26,8.5706997,15.6,20.7,31.7,42.77,11.8,63.9,11,5.5,0,286,14
48-49,median_household_income,2916,2767,149,5.1097394,56993.931,54229,13505.48,40669.2,47362.5,63414.5,82236.8,31264,157444,16052,7805,0,286,14
48-49,labor_force_participation_pct,2916,2767,149,5.1097394,61.862667,62.3,5.3986968,53.03,58.9,65.3,70.17,39.4,75.3,6.4,3.2,0,286,14
51,startup_rate,2891,2891,0,0,6.2822746,6.4516129,4.9413159,0,2.7118956,9.1202643,13.636364,0,62.903226,6.4083687,2.9989365,24.420616,337,14
51,employment_growth,2891,2585,306,10.584573,-0.013616117,-0.01333064,0.10221808,-0.15104504,-0.054216867,0.026565465,0.11655473,-0.71196283,1.4393939,0.080782332,0.040396167,0.46421663,337,14
51,establishment_growth,2891,2585,306,10.584573,0.037666234,0.023809524,0.15009985,-0.09981982,-0.019354839,0.077253219,0.20399997,-0.36842105,5.7307692,0.096608058,0.047619048,7.5435203,337,14
51,payroll_growth,2891,2585,306,10.584573,0.027172004,0.018583606,0.14176809,-0.1348362,-0.027649028,0.072967713,0.20113538,-0.77510144,3.3065695,0.10061674,0.04998773,0,337,14
51,wage_growth,2891,2585,306,10.584573,0.042005133,0.036131014,0.096433217,-0.057801158,0.006073563,0.071580055,0.16779927,-0.65403627,2.6930423,0.065506492,0.032270793,0.03868472,337,14
51,acs_population_growth,2891,2512,379,13.109651,0.01020309,0.006941497,0.05338855,-0.0063041496,0.0010046472,0.013803807,0.026449238,-0.32869848,2.0168738,0.012799159,0.0063771981,0,337,14
51,unemployment_rate,2891,2720,171,5.9149083,7.0842279,6.6,2.6219666,3.7,5.1,8.6,12.1,2.3,18.1,3.5,1.7,0,337,14
51,educational_attainment_pct,2891,2720,171,5.9149083,29.134669,28.6,8.7744384,16.6,22.4,34.3,44.9,11.8,63.9,11.9,5.9,0,337,14
51,median_household_income,2891,2720,171,5.9149083,58810.357,55957.5,13964.258,41832.1,49022.5,65793.5,85511.3,31879,157444,16771,7901,0,337,14
51,labor_force_participation_pct,2891,2720,171,5.9149083,62.946287,63.2,5.1858275,54.4,59.8,66.4,71.1,40,75.9,6.6,3.2,0,337,14
52,startup_rate,4154,4154,0,0,5.0966545,4.8929664,2.0303503,2.3404526,3.7267081,6.3215148,8.5954916,0,18.367347,2.5948067,1.268202,2.0943669,365,14
52,employment_growth,4154,3769,385,9.2681753,0.00074764045,0.0014104372,0.053830001,-0.070307881,-0.02102258,0.022865799,0.071683873,-0.51001879,0.71014358,0.043888378,0.021945262,0.45104802,365,14
52,establishment_growth,4154,3769,385,9.2681753,0.010662937,0.0073260073,0.042693748,-0.040439073,-0.01010101,0.027624309,0.069806418,-0.40847983,0.98201936,0.037725319,0.018648019,4.2716901,365,14
52,payroll_growth,4154,3769,385,9.2681753,0.042342735,0.040695644,0.075439735,-0.058133256,0.0083528221,0.072668988,0.14242869,-0.55777634,0.92539023,0.064316165,0.032329418,0,365,14
52,wage_growth,4154,3769,385,9.2681753,0.041478738,0.03844984,0.047787428,-0.021750148,0.017803502,0.062435224,0.11529938,-0.49251392,0.48880006,0.044631722,0.022493696,0.053064473,365,14
52,acs_population_growth,4154,3641,513,12.349543,0.0089809953,0.0065434426,0.048648573,-0.0065695516,0.001096772,0.013118495,0.026424391,-0.69476897,2.0168738,0.012021723,0.0058806057,0,365,14
52,unemployment_rate,4154,3951,203,4.886856,7.0493293,6.6,2.5662964,3.7,5.2,8.5,12,2.2,18.1,3.3,1.6,0,365,14
52,educational_attainment_pct,4154,3951,203,4.886856,28.403366,27.3,8.6145339,16.4,22,33.6,44.3,11.8,63.9,11.6,5.8,0,365,14
52,median_household_income,4154,3951,203,4.886856,56970.456,54229,13153.304,40700.5,47729,63353.5,82012,31264,157444,15624.5,7544,0,365,14
52,labor_force_participation_pct,4154,3951,203,4.886856,62.713642,62.9,5.2328136,54.2,59.7,66.3,70.7,25.1,75.9,6.6,3.3,0,365,14
53,startup_rate,4362,4362,0,0,8.1497904,7.9429756,2.9263866,3.7974684,6.0611731,10,13.175946,0,25.882353,3.9388269,1.9429756,0.71068317,350,14
53,employment_growth,4362,3950,412,9.4452086,0.015346315,0.017450246,0.064337079,-0.086325144,-0.016737474,0.0472401,0.11189143,-0.34945848,0.63960396,0.063977574,0.031872887,0.81012658,350,14
53,establishment_growth,4362,3950,412,9.4452086,0.021180645,0.020130731,0.042659627,-0.046018603,-0.0056430988,0.046280729,0.090909091,-0.22047244,0.44318182,0.051923828,0.025922069,4.2278481,350,14
53,payroll_growth,4362,3950,412,9.4452086,0.061012043,0.058150553,0.094055817,-0.06834565,0.016277137,0.10068229,0.19742454,-0.47471233,1.3273954,0.084405156,0.042230117,0,350,14
53,wage_growth,4362,3950,412,9.4452086,0.044780751,0.042242032,0.061121632,-0.03028185,0.018431432,0.068552165,0.12401587,-0.44204243,1.3437493,0.050120734,0.024940828,0,350,14
53,acs_population_growth,4362,3813,549,12.58597,0.0086469806,0.0063502826,0.048668088,-0.0068735353,0.00080772595,0.012937851,0.025607846,-0.69476897,2.0168738,0.012130125,0.0059261188,0,350,14
53,unemployment_rate,4362,4122,240,5.5020633,7.0711063,6.6,2.6041019,3.7,5.1,8.5,12.1,2.2,18.5,3.4,1.6,0,350,14
53,educational_attainment_pct,4362,4122,240,5.5020633,28.150485,26.9,8.7551407,16.2,21.6,33.4,44.6,11.8,63.9,11.8,5.9,0,350,14
53,median_household_income,4362,4122,240,5.5020633,57015.477,54293,13105.499,40722.1,47751.75,63370.5,81836.3,31264,157444,15618.75,7549.5,0,350,14
53,labor_force_participation_pct,4362,4122,240,5.5020633,62.528918,62.7,5.259926,54.2,59.425,66,70.7,25.1,75.9,6.575,3.3,0,350,14
54,startup_rate,3643,3643,0,0,7.275308,7.03125,2.4265676,3.6036036,5.6622199,8.7704506,11.286486,0,25.366876,3.1082306,1.5401786,0.027449904,345,14
54,employment_growth,3643,3150,493,13.532803,0.019864067,0.01878723,0.06122925,-0.065411536,-0.0094255289,0.047613703,0.10302815,-0.3902439,0.81950602,0.057039232,0.028468955,0.22222222,345,14
54,establishment_growth,3643,3150,493,13.532803,0.025418294,0.020080348,0.04550971,-0.033846544,-0.0027155503,0.04415354,0.10529989,-0.13421053,0.54207921,0.04686909,0.023528831,2.5714286,345,14
54,payroll_growth,3643,3150,493,13.532803,0.057381029,0.053755577,0.090454603,-0.066699761,0.016277062,0.095562694,0.18408299,-0.36322341,1.6793028,0.079285632,0.039069589,0,345,14
54,wage_growth,3643,3150,493,13.532803,0.036430396,0.034686057,0.054010688,-0.03219705,0.012459806,0.057855653,0.10902988,-0.38218049,0.68545398,0.045395848,0.022634971,0,345,14
54,acs_population_growth,3643,3158,485,13.313203,0.0078771252,0.0058152223,0.047016652,-0.0070982782,0.00032729192,0.01249482,0.024253327,-0.69476897,2.0168738,0.012167528,0.0059305461,0,345,14
54,unemployment_rate,3643,3431,212,5.8193796,7.2005538,6.7,2.6749202,3.7,5.2,8.7,12.4,2.2,18.5,3.5,1.7,0,345,14
54,educational_attainment_pct,3643,3431,212,5.8193796,27.527222,26.1,8.8276701,15.9,20.9,32.8,44.3,11.8,63.9,11.9,5.7,0,345,14
54,median_household_income,3643,3431,212,5.8193796,56738.552,54140,12832.132,40823.5,47442.5,63259,81575,31264,133780,15816.5,7616,0,345,14
54,labor_force_participation_pct,3643,3431,212,5.8193796,62.219295,62.5,5.3936552,53.4,59.3,65.7,70.4,25.1,75.9,6.4,3.2,0,345,14
55,startup_rate,2006,2006,0,0,0.4936822,0,1.9764781,0,0,0,2.8753027,0,32,0,0,86.390828,225,14
55,employment_growth,2006,1796,210,10.468594,0.039672872,0.020844483,0.20325471,-0.16806723,-0.030134532,0.075164355,0.27623849,-0.82985628,3.4482759,0.10529889,0.052393835,1.0579065,225,14
55,establishment_growth,2006,1796,210,10.468594,0.044092508,0.023563309,0.13172689,-0.125,-0.007713871,0.090628507,0.28164457,-0.51351351,1.7142857,0.098342378,0.051893822,19.042316,225,14
55,payroll_growth,2006,1796,210,10.468594,0.08749653,0.047986463,0.44488443,-0.17757415,-0.016999986,0.12825197,0.39839101,-0.76704106,14.933861,0.14525196,0.072514091,0,225,14
55,wage_growth,2006,1796,210,10.468594,0.046393112,0.030148192,0.25531628,-0.12380794,-0.020113399,0.083216892,0.23112625,-0.72800694,6.5782947,0.10333029,0.051910301,0,225,14
55,acs_population_growth,2006,1750,256,12.761715,0.0060640562,0.0046005216,0.023201567,-0.0077074505,-0.00062124499,0.011244022,0.022225808,-0.25662353,0.32193021,0.011865267,0.0057589094,0,225,14
55,unemployment_rate,2006,1884,122,6.0817547,7.5907113,7.1,2.8544612,3.8,5.5,9.2,13.2,2.3,18.5,3.7,1.8,0,225,14
55,educational_attainment_pct,2006,1884,122,6.0817547,26.372187,24.5,8.9094454,15.2,19.8,31.4,44.1,11.8,63.9,11.6,5.5,0,225,14
55,median_household_income,2006,1884,122,6.0817547,56293.275,53675.5,13080.255,40473.75,46785.25,62773.75,81654.55,31264,133780,15988.5,7698.5,0,225,14
55,labor_force_participation_pct,2006,1884,122,6.0817547,61.29517,61.7,5.65039,50.715,58.5,65.1,69.485,25.1,75.7,6.6,3.3,0,225,14
56,startup_rate,3762,3762,0,0,8.1708994,8.0600774,2.5697325,4.2253521,6.4764855,9.7722333,12.366371,0,30.769231,3.2957478,1.650157,0.29239766,343,14
56,employment_growth,3762,3307,455,12.094631,0.014386091,0.014859774,0.094765979,-0.11633584,-0.031940438,0.05679398,0.1406774,-0.47659574,1.5306667,0.088734418,0.044074144,0.060477774,343,14
56,establishment_growth,3762,3307,455,12.094631,0.026599961,0.023076923,0.043650799,-0.039590904,0,0.048899369,0.10142387,-0.17741935,0.24944812,0.048899369,0.023305678,3.6589054,343,14
56,payroll_growth,3762,3307,455,12.094631,0.058045378,0.050766204,0.11503611,-0.092262179,0.0050182506,0.10269149,0.21566241,-0.63594823,1.9099454,0.097673238,0.048978568,0,343,14
56,wage_growth,3762,3307,455,12.094631,0.043659341,0.039904468,0.065822538,-0.046204899,0.011052934,0.075023557,0.13825959,-0.33097146,1.1259869,0.063970623,0.031777244,0.030238887,343,14
56,acs_population_growth,3762,3292,470,12.493355,0.007299725,0.0054730228,0.032375465,-0.0075303726,2.0552247e-05,0.01240224,0.025035659,-0.32869848,0.52067125,0.012381688,0.0060296557,0,343,14
56,unemployment_rate,3762,3552,210,5.5821372,7.2512387,6.8,2.6750174,3.8,5.3,8.8,12.4,2.2,18.5,3.5,1.7,0,343,14
56,educational_attainment_pct,3762,3552,210,5.5821372,27.481306,26.1,8.7716489,15.9,20.9,32.6,44.2,11.8,63.9,11.7,5.7,0,343,14
56,median_household_income,3762,3552,210,5.5821372,56780.939,54061,13259.962,40704.1,47305,63317.5,81771.55,31264,157444,16012.5,7763.5,0,343,14
56,labor_force_participation_pct,3762,3552,210,5.5821372,62.117399,62.4,5.2956278,53.5,59.2,65.6,70.2,25.1,75.9,6.4,3.2,0,343,14
61,startup_rate,2322,2322,0,0,7.8550025,7.9464017,4.8513023,0,5.3571429,10.669403,15.379274,0,42.857143,5.3122598,2.6410564,15.116279,252,14
61,employment_growth,2322,2096,226,9.7329888,0.024870542,0.024390244,0.099736526,-0.10816862,-0.010036384,0.060552109,0.14580377,-0.50441176,2.4524496,0.070588493,0.035478967,0.62022901,252,14
61,establishment_growth,2322,2096,226,9.7329888,0.036784586,0.032258065,0.064456307,-0.0625,0,0.07,0.14814815,-0.25,0.41666667,0.07,0.032258065,8.730916,252,14
61,payroll_growth,2322,2096,226,9.7329888,0.051619389,0.044284118,0.10337436,-0.082514105,0.011381066,0.08782016,0.19889929,-0.56293518,1.6535024,0.076439095,0.037583169,0,252,14
61,wage_growth,2322,2096,226,9.7329888,0.027053002,0.024658546,0.057003427,-0.052287312,0.0013571574,0.049885637,0.11699423,-0.39096726,0.52162723,0.04852848,0.024040377,0,252,14
61,acs_population_growth,2322,2019,303,13.049096,0.0079230415,0.0064099279,0.036855964,-0.0066916217,0.0007111175,0.013847968,0.025674836,-0.69476897,0.52067125,0.013136851,0.0064355651,0,252,14
61,unemployment_rate,2322,2185,137,5.9000861,7.3007323,6.8,2.6403132,3.82,5.3,8.9,12.38,2.3,18.5,3.6,1.7,0,252,14
61,educational_attainment_pct,2322,2185,137,5.9000861,28.961968,28,9.0182667,16.32,22.3,34.1,45.9,11.8,63.9,11.8,5.8,0,252,14
61,median_household_income,2322,2185,137,5.9000861,59666.336,56899,14446.211,42160,49371,67437,86826.4,31264,157444,18066,8464,0,252,14
61,labor_force_participation_pct,2322,2185,137,5.9000861,62.362426,62.8,5.2852932,53.1,59.5,65.9,70.1,40,75.3,6.4,3.2,0,252,14
62,startup_rate,3448,3448,0,0,5.6227166,5.4733582,2.0059199,2.7027027,4.2325096,6.8965517,8.9829561,0.84507042,24.742268,2.6640421,1.3293629,0,306,14
62,employment_growth,3448,3077,371,10.759861,0.01895326,0.017848252,0.04625735,-0.038802573,0.00083066334,0.03363544,0.064875236,-0.25815454,1.0311717,0.032804777,0.016188095,0.064998375,306,14
62,establishment_growth,3448,3077,371,10.759861,0.078166945,0.021682567,0.52097784,-0.035590702,0,0.047982552,0.13116365,-0.59776864,15.950207,0.047982552,0.022939102,1.8199545,306,14
62,payroll_growth,3448,3077,371,10.759861,0.047951435,0.046157107,0.048069401,-0.0072577237,0.026310113,0.066316812,0.10288398,-0.33188735,1.0704823,0.040006699,0.019959356,0,306,14
62,wage_growth,3448,3077,371,10.759861,0.028989515,0.02702763,0.032770501,-0.013609501,0.013373326,0.04538552,0.079852915,-0.35505117,0.254402,0.032012194,0.015675146,0,306,14
62,acs_population_growth,3448,2977,471,13.660093,0.0072663897,0.0054004949,0.049841789,-0.0075417917,-8.6305744e-05,0.012535033,0.024390558,-0.69476897,2.0168738,0.012621339,0.0060701093,0,306,14
62,unemployment_rate,3448,3213,235,6.8155452,7.3464364,6.8,2.7185592,3.8,5.3,8.9,12.6,2.2,18.5,3.6,1.7,0,306,14
62,educational_attainment_pct,3448,3213,235,6.8155452,27.382851,25.9,8.8095935,15.9,20.8,32.4,44.64,11.8,63.9,11.6,5.6,0,306,14
62,median_household_income,3448,3213,235,6.8155452,57476.677,54682,13609.515,41218.4,47716,64100,82858.2,31264,157444,16384,7836,0,306,14
62,labor_force_participation_pct,3448,3213,235,6.8155452,62.073794,62.5,5.3752921,53.3,59.1,65.6,70.1,25.1,75.7,6.5,3.3,0,306,14
71,startup_rate,3398,3398,0,0,9.1315534,8.988764,4.0201948,1.8444153,6.7634452,11.510078,15.492329,0,29.787234,4.7466325,2.3319907,4.9735138,326,14
71,employment_growth,3398,3093,305,8.9758682,0.026201041,0.029814859,0.13520476,-0.24300438,-0.010498688,0.076923077,0.20794231,-0.84995252,2.64,0.087421765,0.043355872,0.61429033,326,14
71,establishment_growth,3398,3093,305,8.9758682,0.022905232,0.02173913,0.048830225,-0.053908617,-0.005952381,0.051359517,0.10147092,-0.19047619,0.39705882,0.057311898,0.028620582,8.1797608,326,14
71,payroll_growth,3398,3093,305,8.9758682,0.058668747,0.053460701,0.13430809,-0.16476376,0.0057319102,0.11448058,0.2632269,-0.7171358,1.1382779,0.10874867,0.054533944,0,326,14
71,wage_growth,3398,3093,305,8.9758682,0.03517713,0.028991292,0.077047541,-0.064657745,-0.0020904502,0.0639289,0.15805281,-0.48124883,0.88513025,0.06601935,0.032538964,0.09699321,326,14
71,acs_population_growth,3398,2959,439,12.919364,0.0089193464,0.0067346749,0.053906542,-0.0066439545,0.0010974285,0.013588637,0.026426185,-0.69476897,2.0168738,0.012491209,0.0061333193,0,326,14
71,unemployment_rate,3398,3204,194,5.7092407,6.9775905,6.5,2.5600214,3.6,5.1,8.425,11.9,2.2,18.5,3.325,1.6,0,326,14
71,educational_attainment_pct,3398,3204,194,5.7092407,29.168446,28.3,8.7601142,16.715,22.7,34.2,45.4,11.8,63.9,11.5,5.8,0,326,14
71,median_household_income,3398,3204,194,5.7092407,58617.569,55941,13675.127,41818.35,48810,65493.75,84002.3,31879,157444,16683.75,7941.5,0,326,14
71,labor_force_participation_pct,3398,3204,194,5.7092407,62.967228,63.15,5.3213957,54.4,59.9,66.5,71.1,25.1,75.9,6.6,3.35,0,326,14
72,startup_rate,4273,4273,0,0,8.7360033,8.6956522,2.2376227,5.0718031,7.2625698,10.135617,12.576325,1.6666667,17.42671,2.8730476,1.439483,0,346,14
72,employment_growth,4273,3865,408,9.5483267,0.019004357,0.026140005,0.070963835,-0.14861044,0.0066401062,0.048294246,0.11146328,-0.36334161,0.38491629,0.04165414,0.020608927,0,346,14
72,establishment_growth,4273,3865,408,9.5483267,0.015217575,0.014778325,0.025350019,-0.025816007,0,0.030769231,0.057526457,-0.085714286,0.13017751,0.030769231,0.015441455,3.4411384,346,14
72,payroll_growth,4273,3865,408,9.5483267,0.062029254,0.059652422,0.090589402,-0.11717961,0.033129708,0.091141166,0.22309641,-0.41887478,0.49522288,0.058011458,0.029034164,0,346,14
72,wage_growth,4273,3865,408,9.5483267,0.041669478,0.036009554,0.036638718,-0.0013806779,0.021176827,0.054762506,0.1146739,-0.39646408,0.61376437,0.03358568,0.016235734,0.15523933,346,14
72,acs_population_growth,4273,3705,568,13.292769,0.0078981727,0.0058407357,0.049680541,-0.0075360958,0.00019615055,0.012476826,0.025099836,-0.69476897,2.0168738,0.012280675,0.0059688749,0,346,14
72,unemployment_rate,4273,4018,255,5.9677042,7.1082877,6.6,2.6601268,3.6,5.1,8.6,12.3,2.2,18.5,3.5,1.7,0,346,14
72,educational_attainment_pct,4273,4018,255,5.9677042,27.893927,26.6,8.8642212,16.085,21.1,33.2,44.8,11.8,63.9,12.1,5.9,0,346,14
72,median_household_income,4273,4018,255,5.9677042,57141.481,54431.5,13199.729,40938.55,47762.5,63639.5,81954.15,31264,157444,15877,7668.5,0,346,14
72,labor_force_participation_pct,4273,4018,255,5.9677042,62.574913,62.7,5.383828,54.1,59.4,66.2,70.9,25.1,75.9,6.8,3.4,0,346,14
81,startup_rate,4669,4669,0,0,5.6541261,5.372617,2.0101793,2.7803558,4.2253521,6.8983815,9.2494157,0,15.536723,2.6730294,1.3069964,0.021417862,376,14
81,employment_growth,4669,4167,502,10.751767,0.0057705448,0.016033911,0.072126003,-0.1227634,-0.011539278,0.040504531,0.08867843,-0.81054166,0.38747885,0.052043809,0.026003676,0.7199424,376,14
81,establishment_growth,4669,4167,502,10.751767,0.00011161388,0.0081716037,0.10404107,-0.071428571,-0.014492754,0.032080687,0.083333333,-0.95288086,1.3965304,0.046573441,0.023380729,2.7357811,376,14
81,payroll_growth,4669,4167,502,10.751767,0.047976873,0.049756894,0.070708851,-0.063919553,0.014533377,0.086219216,0.15239973,-0.56961524,0.47933981,0.071685839,0.035919779,0,376,14
81,wage_growth,4669,4167,502,10.751767,0.04407115,0.038103869,0.056236447,-0.015574294,0.019897527,0.060602625,0.11456807,-0.23084741,1.2716217,0.040705098,0.019910947,0.04799616,376,14
81,acs_population_growth,4669,4076,593,12.700792,0.0083567362,0.0060611191,0.047130789,-0.0075290573,0.00041856217,0.012986083,0.025615994,-0.69476897,2.0168738,0.012567521,0.0060654645,0,376,14
81,unemployment_rate,4669,4417,252,5.3973013,7.063165,6.6,2.6097503,3.7,5.1,8.5,12.1,2.2,18.5,3.4,1.6,0,376,14
81,educational_attainment_pct,4669,4417,252,5.3973013,27.84811,26.7,8.6598959,16.2,21.4,33,44.3,11.8,63.9,11.6,5.7,0,376,14
81,median_household_income,4669,4417,252,5.3973013,56777.221,54140,13122.569,40745.4,47425,63248,81810.8,31264,157444,15823,7651,0,376,14
81,labor_force_participation_pct,4669,4417,252,5.3973013,62.550215,62.7,5.2885785,54.28,59.4,66.1,70.8,25.1,75.9,6.7,3.3,0,376,14
