year,variable,row_count,count,missing_count,missing_pct,mean,median,std,p05,p25,p75,p95,min,max,iqr,mad,zero_pct
2010,acs_population_growth,379,0,379,100,,,,,,,,,,,,
2010,educational_attainment_pct,379,339,40,10.55409,25.387611,24.4,7.7710523,15.09,19.8,29.6,40.59,11.8,57,9.8,4.9,0
2010,employment_growth,4509,0,4509,100,,,,,,,,,,,,
2010,establishment_growth,4509,0,4509,100,,,,,,,,,,,,
2010,labor_force_participation_pct,379,339,40,10.55409,64.4941,64.7,4.5905383,57.09,61.45,67.5,72.2,46.5,75.5,6.05,2.9,0
2010,median_household_income,379,339,40,10.55409,48787.54,47258,7989.0981,38424.1,43508.5,52976.5,63938.7,31264,86286,9468,4552,0
2010,payroll_growth,4509,0,4509,100,,,,,,,,,,,,
2010,startup_rate,4509,4509,0,0,5.7902135,5.6680162,3.355903,0,3.8022814,7.706422,11.316456,0,27.272727,3.9041406,1.9510314,10.578842
2010,unemployment_rate,379,339,40,10.55409,7.8489676,7.5,2.0166519,4.99,6.5,8.9,11.7,3.1,15.4,2.4,1.1,0
2010,wage_growth,4509,0,4509,100,,,,,,,,,,,,
2011,acs_population_growth,380,340,40,10.526316,0.0093733151,0.0088051442,0.0076583286,-0.0017693339,0.0041368518,0.014487578,0.022295603,-0.0087333219,0.033552008,0.010350726,0.0050089426,0
2011,educational_attainment_pct,380,340,40,10.526316,25.641765,24.75,7.8344084,15.295,19.8,29.725,40.56,12.2,57.7,9.925,4.95,0
2011,employment_growth,4515,4389,126,2.7906977,0.013942255,0.0099103205,0.084305751,-0.076700492,-0.016129032,0.034249456,0.11538462,-0.53944954,1.5010183,0.050378488,0.025168436,0.5468216
2011,establishment_growth,4515,4389,126,2.7906977,-0.00068043475,0,0.054599373,-0.072117242,-0.02529511,0.018796992,0.071900289,-0.3,1.0625,0.044092102,0.022222222,6.5846434
2011,labor_force_participation_pct,380,340,40,10.526316,64.261765,64.2,4.6513876,56.7,61.1,67.3,72.105,46.1,75.7,6.2,3.1,0
2011,median_household_income,380,340,40,10.526316,49714.606,48258.5,8230.2274,39463.75,44070,54119,65312.2,32156,88486,10049,4788,0
2011,payroll_growth,4515,4389,126,2.7906977,0.040978148,0.03439482,0.10075601,-0.068172074,0.0048169845,0.065374708,0.15517085,-0.62210341,1.6428753,0.060557723,0.030283081,0
2011,startup_rate,4515,4515,0,0,5.967083,5.8411215,3.5224937,0,3.8808057,7.9651703,11.67094,0,36.363636,4.0843646,2.0406519,10.89701
2011,unemployment_rate,380,340,40,10.526316,8.5432353,8.2,2.2861997,5.395,7.1,10,12.9,3.1,16.4,2.9,1.4,0
2011,wage_growth,4515,4389,126,2.7906977,0.026754288,0.023988561,0.049398397,-0.037153958,0.0071292242,0.044274638,0.099344671,-0.37016382,0.61072096,0.037145413,0.018433955,0.1367054
2012,acs_population_growth,381,341,40,10.498688,0.0083440159,0.0079560752,0.0071663765,-0.002852672,0.0034038368,0.013029017,0.020278834,-0.0091666822,0.033216514,0.0096251797,0.0047567157,0
2012,educational_attainment_pct,381,341,40,10.498688,25.871848,24.9,7.8634055,15.6,20,30,40.1,12.2,58,10,5.1,0
2012,employment_growth,4487,4338,149,3.3207043,0.017596264,0.015784839,0.080713614,-0.078602879,-0.010138737,0.041430589,0.11553104,-0.84995252,1.3333333,0.051569326,0.025805281,0.50714615
2012,establishment_growth,4487,4338,149,3.3207043,0.0070254022,0.0034522725,0.057190483,-0.061235212,-0.015163005,0.025316456,0.086062442,-0.25,1.3965304,0.040479461,0.020297533,7.2614108
2012,labor_force_participation_pct,381,341,40,10.498688,64.054839,64.1,4.6955312,56.4,61,67.1,71.9,45.4,75.9,6.1,3.1,0
2012,median_household_income,381,341,40,10.498688,49942.079,48489,8311.9127,39383,44155,54109,65791,32558,89940,9954,4910,0
2012,payroll_growth,4487,4338,149,3.3207043,0.046848582,0.041548365,0.12031968,-0.068282338,0.010248285,0.074815853,0.16780542,-0.7171358,4.2273016,0.064567568,0.032257555,0
2012,startup_rate,4487,4487,0,0,6.1677309,6,3.7060531,0,4,8.1632653,11.934368,0,41.666667,4.1632653,2.0693642,10.385558
2012,unemployment_rate,381,341,40,10.498688,9.1392962,8.8,2.5335011,5.5,7.4,10.7,14,3.1,18,3.3,1.6,0
2012,wage_growth,4487,4338,149,3.3207043,0.028573408,0.025018946,0.064037289,-0.040611695,0.0079391647,0.045683121,0.099819591,-0.49251392,1.3437493,0.037743956,0.018783987,0
2013,acs_population_growth,381,340,41,10.761155,0.025060632,0.0073325762,0.13851993,-0.030533496,0.0016678438,0.015693752,0.13123878,-0.42849647,2.0168738,0.014025908,0.0064439939,0
2013,educational_attainment_pct,381,362,19,4.9868766,25.973481,24.85,7.9269108,15.4,19.925,30.375,40.6,11.9,58.3,10.45,5.25,0
2013,employment_growth,4512,4353,159,3.5239362,0.016709139,0.014858841,0.10536332,-0.089013907,-0.010169492,0.04120983,0.11891292,-0.82985628,2.3928571,0.051379321,0.025836178,0.41350793
2013,establishment_growth,4512,4353,159,3.5239362,0.034789778,0.0038277512,0.45196762,-0.071073301,-0.016741071,0.026086957,0.088766565,-0.95288086,15.950207,0.042828028,0.021371611,6.3864002
2013,labor_force_participation_pct,381,362,19,4.9868766,63.251657,63.35,5.048585,55.115,60.1,66.4,71.395,42.8,75.3,6.3,3.25,0
2013,median_household_income,381,362,19,4.9868766,49911.105,48599,8410.5392,39275.15,44005.25,53934,64388.65,33179,90962,9928.75,4922,0
2013,payroll_growth,4512,4353,159,3.5239362,0.034665266,0.031519553,0.11282359,-0.097476491,0.0020909773,0.06434845,0.14991872,-0.76098215,2.3389027,0.062257473,0.031064298,0
2013,startup_rate,4512,4512,0,0,6.046791,5.8888274,3.6227742,0,3.9473684,8.0649469,11.688312,0,50.943396,4.1175785,2.0426735,10.283688
2013,unemployment_rate,381,362,19,4.9868766,9.5657459,9.4,2.6774503,5.705,7.725,11.275,14.5,3.2,18.5,3.55,1.8,0
2013,wage_growth,4512,4353,159,3.5239362,0.019845676,0.015579995,0.071721895,-0.054951085,-0.0016686326,0.036434533,0.091459317,-0.57972898,1.3793836,0.038103165,0.018779793,0.16080864
2014,acs_population_growth,381,362,19,4.9868766,0.0072905171,0.0067595143,0.0070847349,-0.0032956809,0.0020356802,0.01152195,0.019981206,-0.01132343,0.02973235,0.0094862698,0.0047532607,0
2014,educational_attainment_pct,381,362,19,4.9868766,26.373204,25.35,7.9847795,15.9,20.325,31.075,41.285,12.2,58.2,10.75,5.35,0
2014,employment_growth,4551,4399,152,3.3399253,0.02263318,0.019093079,0.093240471,-0.065716425,-0.0053345254,0.044876785,0.11157475,-0.71842105,3.4482759,0.050211311,0.025220067,0.59104342
2014,establishment_growth,4551,4399,152,3.3399253,0.012154719,0.0078431373,0.055736532,-0.053343511,-0.010931919,0.031413613,0.085775951,-0.33333333,1.2685714,0.042345531,0.021134276,6.7742669
2014,labor_force_participation_pct,381,362,19,4.9868766,62.837017,63,5.1194767,54.705,59.8,66.275,70.895,42,75,6.475,3.25,0
2014,median_household_income,381,362,19,4.9868766,50360.113,49255,8610.6722,39349.95,44340.5,54518.75,66586,33390,92960,10178.25,5064,0
2014,payroll_growth,4551,4399,152,3.3399253,0.053877566,0.048711279,0.095201316,-0.051709058,0.020865883,0.081564194,0.16984095,-0.70629299,1.7533997,0.060698311,0.030398712,0
2014,startup_rate,4551,4551,0,0,6.1552309,5.9392265,3.9240944,0,3.9794397,8.1944059,11.764706,0,62.903226,4.2149662,2.1070527,10.283454
2014,unemployment_rate,381,362,19,4.9868766,9.0646409,8.9,2.5401744,5.305,7.325,10.5,13.89,3.3,18.1,3.175,1.6,0
2014,wage_growth,4551,4399,152,3.3399253,0.031049646,0.028819881,0.052371104,-0.028303501,0.012677296,0.046969855,0.098858318,-0.5968074,0.73574457,0.034292558,0.016964129,0
2015,acs_population_growth,380,361,19,5,0.0067109159,0.0060640464,0.007486332,-0.0040793727,0.0010341144,0.011016107,0.020480636,-0.017470438,0.033396487,0.0099819922,0.005029932,0
2015,educational_attainment_pct,380,361,19,5,26.773407,26,8.0519364,16.1,20.6,31.7,41.5,11.8,58.9,11.1,5.5,0
2015,employment_growth,4534,4398,136,2.9995589,0.01954628,0.019432447,0.070208002,-0.074111612,-0.0057998869,0.045405962,0.10691323,-0.71539872,0.97619048,0.051205849,0.025750131,0.77307867
2015,establishment_growth,4534,4398,136,2.9995589,0.010556425,0.0081273291,0.052176412,-0.057759392,-0.010690753,0.032231152,0.083333333,-0.375,0.66666667,0.042921905,0.021284436,7.1623465
2015,labor_force_participation_pct,380,361,19,5,62.523823,62.8,5.1991226,54.5,59.4,65.8,70.9,41.2,74.6,6.4,3.3,0
2015,median_household_income,380,361,19,5,50695.543,49781,8797.2319,39459,44311,54605,66828,33266,95405,10294,5211,0
2015,payroll_growth,4534,4398,136,2.9995589,0.053357566,0.054445267,0.090160793,-0.07309786,0.020609731,0.086981348,0.16636256,-0.76704106,1.3871585,0.066371617,0.033156685,0
2015,startup_rate,4534,4534,0,0,6.2184745,6.1068702,3.8948245,0,3.969568,8.2472718,12.155176,0,80,4.2777038,2.1402507,10.741067
2015,unemployment_rate,380,361,19,5,8.2072022,8,2.3380317,5,6.7,9.5,12.7,3,17.4,2.8,1.4,0
2015,wage_growth,4534,4398,136,2.9995589,0.033164771,0.033340506,0.053689239,-0.037248265,0.01343597,0.052437842,0.098125857,-0.33097146,1.2035324,0.039001872,0.019442683,0.045475216
2016,acs_population_growth,380,361,19,5,0.0060500226,0.0050712554,0.0079865252,-0.0061505934,0.00048823155,0.010739046,0.021823896,-0.020745926,0.031793457,0.010250814,0.0050595913,0
2016,educational_attainment_pct,380,362,18,4.7368421,27.257459,26.2,8.1908916,16.405,20.8,32.2,42.1,11.9,59.3,11.4,5.6,0
2016,employment_growth,4522,4401,121,2.6758072,0.013877261,0.016096018,0.081829424,-0.090909091,-0.010115607,0.040590406,0.10309278,-0.69143357,1.4393939,0.050706013,0.025316009,0.54533061
2016,establishment_growth,4522,4401,121,2.6758072,0.0120346,0.009569378,0.048671629,-0.054644809,-0.010928962,0.032878909,0.082352941,-0.28571429,0.55486862,0.043807871,0.0217053,6.4530788
2016,labor_force_participation_pct,380,362,18,4.7368421,62.318785,62.5,5.241913,54.805,59.2,65.7,70.685,40.9,74.5,6.5,3.3,0
2016,median_household_income,380,362,18,4.7368421,52043.743,50607,9138.5714,40433,45611.5,56096.5,69159.1,34578,100469,10485,5237.5,0
2016,payroll_growth,4522,4401,121,2.6758072,0.034093697,0.036234806,0.099655229,-0.098436044,0.0014919289,0.069451355,0.14255896,-0.75288549,1.1394426,0.067959426,0.034025301,0
2016,startup_rate,4522,4522,0,0,6.3614504,6.2722954,3.6916072,0,4.1064042,8.6419753,12.337218,0,33.333333,4.5355711,2.2722954,10.747457
2016,unemployment_rate,380,362,18,4.7368421,7.3883978,7.15,2.1268702,4.4,6,8.5,11.7,2.6,17.1,2.5,1.25,0
2016,wage_growth,4522,4401,121,2.6758072,0.019830144,0.019457701,0.055014037,-0.048644624,0.0011317365,0.039273979,0.082009893,-0.56376781,0.88035494,0.038142243,0.019063579,0
2017,acs_population_growth,379,361,18,4.7493404,0.0062049808,0.0054576706,0.008644121,-0.0063159696,0.00035376888,0.011098703,0.021171395,-0.013726572,0.04638599,0.010744934,0.0053454292,0
2017,educational_attainment_pct,379,361,18,4.7493404,27.835734,26.9,8.2816412,16.9,21.5,33.1,42.9,12.3,60.4,11.6,5.5,0
2017,employment_growth,4522,4364,158,3.4940292,0.013846669,0.011367175,0.073559962,-0.071909786,-0.012355762,0.036468202,0.099993726,-0.64502165,1.2729045,0.048823963,0.024548383,0.71035747
2017,establishment_growth,4522,4364,158,3.4940292,0.012618901,0.011071186,0.053286857,-0.063800774,-0.0081633108,0.033766234,0.086956522,-0.5,0.625,0.041929545,0.020984469,6.9202566
2017,labor_force_participation_pct,379,361,18,4.7493404,62.200831,62.4,5.2730894,54.3,59,65.5,70.9,40.9,75,6.5,3.3,0
2017,median_household_income,379,361,18,4.7493404,54112.532,52360,9681.4974,41672,47564,58654,72205,36095,105809,11090,5488,0
2017,payroll_growth,4522,4364,158,3.4940292,0.048460987,0.043417499,0.099460739,-0.060385933,0.013819849,0.074252893,0.16758954,-0.69092229,1.7965929,0.060433044,0.030062267,0
2017,startup_rate,4522,4522,0,0,6.414963,6.2683934,3.7641981,0,4.2162325,8.6206897,12.5,0,54.545455,4.4044572,2.2061829,10.150376
2017,unemployment_rate,379,361,18,4.7493404,6.5592798,6.5,1.8786752,3.9,5.3,7.5,10.1,2.3,16,2.2,1.1,0
2017,wage_growth,4522,4364,158,3.4940292,0.033747243,0.03139897,0.053225667,-0.027827083,0.015072946,0.049920996,0.10381834,-0.48124883,0.706677,0.03484805,0.017499427,0
2018,acs_population_growth,380,362,18,4.7368421,0.0063768025,0.0056921655,0.0090058202,-0.0066989829,0.0001206545,0.012136785,0.02168544,-0.018178387,0.034667215,0.01201613,0.0059767287,0
2018,educational_attainment_pct,380,363,17,4.4736842,28.25124,27.2,8.3904653,17.01,22,33.6,43.99,12.9,60.8,11.6,5.8,0
2018,employment_growth,4539,4400,139,3.0623485,0.019835489,0.014778437,0.087768,-0.068299976,-0.008572041,0.04193972,0.11274777,-0.80952381,2.4524496,0.050511761,0.025051299,0.68181818
2018,establishment_growth,4539,4400,139,3.0623485,0.022051793,0.015873016,0.055130271,-0.042178885,-0.0042827144,0.042903454,0.10417572,-0.33333333,0.77419355,0.047186168,0.023225957,6.7727273
2018,labor_force_participation_pct,380,363,17,4.4736842,62.067493,62.1,5.2923473,53.72,59.1,65.55,70.3,40.2,74.8,6.45,3.3,0
2018,median_household_income,380,363,17,4.4736842,56283.03,54370,10287.118,43275.5,49481,60922.5,76634.2,37132,114742,11441.5,5594,0
2018,payroll_growth,4539,4400,139,3.0623485,0.053946614,0.046913303,0.1157325,-0.053818981,0.017740588,0.08074823,0.16958342,-0.82431015,4.5561848,0.063007642,0.031256947,0
2018,startup_rate,4539,4539,0,0,6.4606197,6.2761506,3.8645819,0,4.1666667,8.6779618,12.606674,0,50,4.5112951,2.2258737,9.9801718
2018,unemployment_rate,380,363,17,4.4736842,5.9203857,5.8,1.7187857,3.6,4.8,6.7,8.99,2.5,15.3,1.9,1,0
2018,wage_growth,4539,4400,139,3.0623485,0.033300112,0.032310132,0.051249278,-0.031598892,0.016167867,0.050732222,0.097313501,-0.40444814,0.73951471,0.034564355,0.017281703,0
2019,acs_population_growth,380,363,17,4.4736842,0.012816844,0.0047241883,0.055512796,-0.034397776,-0.001794694,0.014244185,0.085551556,-0.21998248,0.37973108,0.016038879,0.0079418784,0
2019,educational_attainment_pct,380,365,15,3.9473684,28.673699,27.6,8.4560641,17.22,22.1,33.9,44.58,12.9,62.1,11.8,5.8,0
2019,employment_growth,4540,4395,145,3.1938326,0.014899653,0.012458074,0.072460485,-0.069197907,-0.012679292,0.03868075,0.1016143,-0.56,1.2833876,0.051360043,0.025622318,0.61433447
2019,establishment_growth,4540,4395,145,3.1938326,0.020196591,0.015151515,0.054294282,-0.042478187,-0.0049100658,0.040862709,0.1,-0.35177866,0.60752688,0.045772775,0.022482893,6.3026166
2019,labor_force_participation_pct,380,365,15,3.9473684,61.985753,62.2,5.3477185,53.62,59.1,65.5,70.6,40,74.8,6.4,3.2,0
2019,median_household_income,380,365,15,3.9473684,58563.625,56596,10836.698,44940.2,51429,63217,79108,38758,122478,11788,5925,0
2019,payroll_growth,4540,4395,145,3.1938326,0.047954199,0.045353744,0.088369048,-0.062688347,0.01479136,0.078047886,0.16013407,-0.5545021,1.5291754,0.063256527,0.031735483,0
2019,startup_rate,4540,4540,0,0,6.4839762,6.3636364,3.8440274,0,4.1122302,8.7378641,12.551648,0,60,4.6256339,2.2991628,10.044053
2019,unemployment_rate,380,365,15,3.9473684,5.3994521,5.2,1.5800785,3.3,4.3,6.1,8.3,2.1,14.2,1.8,0.9,0
2019,wage_growth,4540,4395,145,3.1938326,0.03269936,0.033349322,0.048984825,-0.033538044,0.014914619,0.050382223,0.096173354,-0.47026335,0.63762698,0.035467604,0.017812,0
2020,acs_population_growth,380,365,15,3.9473684,0.0061513518,0.0048737198,0.0089440971,-0.0066571188,-0.00010746094,0.011520148,0.021244119,-0.012300385,0.038091562,0.011627609,0.0057009518,0
2020,educational_attainment_pct,380,365,15,3.9473684,29.323014,28.4,8.5449179,17.72,22.7,34.5,44.98,13.4,63,11.8,5.9,0
2020,employment_growth,4523,4370,153,3.3827106,-0.065821018,-0.048580186,0.10372496,-0.25974278,-0.10596125,-0.011069713,0.056498936,-0.71196283,0.91869919,0.09489154,0.044610951,0.41189931
2020,establishment_growth,4523,4370,153,3.3827106,0.021904272,0.012820513,0.087189415,-0.049382716,-0.0074488668,0.042361672,0.11111111,-0.74972737,2.7110092,0.049810538,0.024358599,6.1784897
2020,labor_force_participation_pct,380,365,15,3.9473684,61.926849,62.1,5.2778192,53.38,59,65.4,70.4,40,75,6.4,3.3,0
2020,median_household_income,380,365,15,3.9473684,60493.899,58791,11355.344,46591.6,52827,65420,82360.6,41200,129343,12593,6257,0
2020,payroll_growth,4523,4370,153,3.3827106,0.0012077405,0.014084317,0.14068863,-0.20654773,-0.047295283,0.057771557,0.15275359,-0.77510144,5.0668462,0.10506684,0.050861216,0
2020,startup_rate,4523,4523,0,0,6.5341608,6.3675756,3.9484919,0,4.1850735,8.8267757,12.69833,0,75,4.6417023,2.3158978,10.059695
2020,unemployment_rate,380,365,15,3.9473684,5.3810959,5.2,1.45368,3.4,4.4,6.1,8,2.4,13.7,1.7,0.8,0
2020,wage_growth,4523,4370,153,3.3827106,0.073261589,0.067722491,0.1170568,-0.015099519,0.039302659,0.098868079,0.17047901,-0.72800694,6.3440768,0.05956542,0.029558666,0
2021,acs_population_growth,381,366,15,3.9370079,0.0088480597,0.0099388111,0.016473753,-0.020287169,-0.00015966617,0.017962557,0.033823989,-0.052016826,0.067619025,0.018122223,0.0091943303,0
2021,educational_attainment_pct,381,366,15,3.9370079,29.954098,29.25,8.6540716,18.225,23.225,35.35,45.825,14.1,62.9,12.125,6.1,0
2021,employment_growth,4544,4384,160,3.5211268,0.043995016,0.035511004,0.098505642,-0.060020841,0.0021878877,0.072913881,0.17256771,-0.56750572,2.64,0.070725993,0.035467628,0.52463504
2021,establishment_growth,4544,4384,160,3.5211268,0.031722294,0.022193522,0.06997368,-0.039762701,0,0.053287671,0.12949596,-0.44444444,1.7142857,0.053287671,0.025615272,5.6797445
2021,labor_force_participation_pct,381,366,15,3.9370079,62.019126,62.2,5.1858834,53.425,59.1,65.4,70.4,39.9,75,6.3,3.2,0
2021,median_household_income,381,366,15,3.9370079,64043.557,62054.5,12098.036,49344.25,56016.25,69192,86396.75,43057,138370,13175.75,6409.5,0
2021,payroll_growth,4544,4384,160,3.5211268,0.10992822,0.093134654,0.26082291,-0.036553157,0.046754918,0.14812239,0.27749754,-0.56546214,14.933861,0.10136747,0.04978779,0
2021,startup_rate,4544,4544,0,0,6.8208238,6.6463589,4.1294232,0,4.3086954,9,13.400043,0,36.363636,4.6913046,2.3450764,10.101232
2021,unemployment_rate,381,366,15,3.9370079,5.3497268,5.2,1.4736916,3.3,4.4,6.2,7.8,2.3,13.9,1.8,0.9,0
2021,wage_growth,4544,4384,160,3.5211268,0.061869922,0.055993641,0.1304801,-0.024173322,0.029377204,0.085275562,0.14564652,-0.49961722,6.5782947,0.055898358,0.0276749,0
2022,acs_population_growth,380,365,15,3.9473684,0.0052920793,0.0040480627,0.0091780469,-0.0073740867,-0.00096803062,0.010055991,0.021892368,-0.029184574,0.038315782,0.011024022,0.0054391299,0
2022,educational_attainment_pct,380,365,15,3.9473684,30.527123,29.8,8.7848523,18.6,23.5,35.6,46.2,14.4,63.2,12.1,6,0
2022,employment_growth,4662,4454,208,4.4616045,0.046983135,0.038528657,0.088715674,-0.051436782,0.0083873571,0.074944238,0.1716763,-0.7244898,1.9571226,0.066556881,0.032632696,0.40413112
2022,establishment_growth,4662,4454,208,4.4616045,0.043268845,0.032258065,0.070258089,-0.026315789,0.00625,0.066666667,0.14884068,-0.43233333,1.260771,0.060416667,0.030353702,6.0844185
2022,labor_force_participation_pct,380,365,15,3.9473684,61.900548,62.1,5.1222366,53.48,59,65.3,70,39.4,74.7,6.3,3.1,0
2022,median_household_income,380,365,15,3.9473684,69621.912,67638,13175.374,53599.2,60777,75316,93491.2,47351,151713,14539,6997,0
2022,payroll_growth,4662,4454,208,4.4616045,0.10346701,0.093373242,0.12791647,-0.036268457,0.051991356,0.1446068,0.26191227,-0.69045293,3.1785682,0.092615444,0.045798118,0
2022,startup_rate,4662,4662,0,0,7.2950352,7.1428571,4.1538246,0,4.8213544,9.6318364,13.984217,0,30,4.810482,2.4103242,9.3093093
2022,unemployment_rate,380,365,15,3.9473684,5.1679452,5.1,1.4150826,3.12,4.2,5.9,7.58,2.1,13.2,1.7,0.8,0
2022,wage_growth,4662,4454,208,4.4616045,0.053461744,0.053277211,0.062774584,-0.028537245,0.031229301,0.076563734,0.13014783,-0.65403627,1.1259869,0.045334432,0.022696521,0.022451729
2023,acs_population_growth,381,366,15,3.9370079,0.0011951868,0.0034936072,0.071847338,-0.087535796,-0.0017689956,0.011441738,0.061392411,-0.69476897,0.52067125,0.013210734,0.0061245001,0
2023,educational_attainment_pct,381,381,0,0,31.280052,30.5,8.9175859,19.1,24.2,36.9,48.4,13.9,63.9,12.7,6.3,0
2023,employment_growth,4617,4464,153,3.3138402,0.022235863,0.019571228,0.079620002,-0.071814239,-0.0071730062,0.048846761,0.11033753,-0.51877133,1.9411765,0.056019767,0.027874061,0.44802867
2023,establishment_growth,4617,4464,153,3.3138402,0.031269876,0.025687945,0.067126168,-0.046511628,0,0.057923344,0.12922833,-0.59776864,0.6557377,0.057923344,0.027645389,4.547491
2023,labor_force_participation_pct,381,381,0,0,61.874278,62.2,5.371491,54,59.1,65.1,69.8,25.1,74.8,6,3.1,0
2023,median_household_income,381,381,0,0,72988.396,70886,13912.6,55799,63490,79281,97638,49203,157444,15791,7808,0
2023,payroll_growth,4617,4464,153,3.3138402,0.064787419,0.059774389,0.10510653,-0.047192106,0.020427418,0.09892167,0.18577324,-0.52581921,2.1888922,0.078494252,0.039241709,0
2023,startup_rate,4617,4617,0,0,7.071058,7.0676692,3.9504686,0,4.6875,9.3607306,13.096991,0,37.5,4.6732306,2.3432597,9.075157
2023,unemployment_rate,381,381,0,0,5.0041995,4.9,1.3801538,3.1,4.1,5.7,7.4,2.1,12.6,1.6,0.8,0
2023,wage_growth,4617,4464,153,3.3138402,0.041470233,0.039684987,0.055590406,-0.025236967,0.018351832,0.061190965,0.10709406,-0.4204415,0.92537459,0.042839133,0.021400011,0
