model,fold,ablation,pr_auc,roc_auc,brier_score,full_model_ap,delta_ap
random_forest,fold_1,no_employment_growth,0.3875719416096582,0.7098266349141015,0.1452159820915358,0.3839920887886521,0.003579852821006091
random_forest,fold_1,no_acs_controls,0.3844880613918113,0.7068141701811181,0.1459697591556499,0.3839920887886521,0.0004959726031592004
random_forest,fold_1,no_sector,0.292035861288181,0.6443505805514449,0.1536288807766162,0.3839920887886521,-0.09195622750047111
random_forest,fold_1,no_startup_rate_lag1,0.382021752772309,0.7012384153771271,0.1463132768099702,0.3839920887886521,-0.0019703360163431105
hist_gradient_boosting,fold_1,no_employment_growth,0.3944768804423713,0.7184856334887205,0.1437247092249882,0.3862045453268052,0.008272335115566076
hist_gradient_boosting,fold_1,no_acs_controls,0.3851783893785494,0.7070077236263694,0.144897037191831,0.3862045453268052,-0.0010261559482557803
hist_gradient_boosting,fold_1,no_sector,0.2797518457425544,0.6362836758494301,0.154758987646719,0.3862045453268052,-0.1064526995842508
hist_gradient_boosting,fold_1,no_startup_rate_lag1,0.383217416627961,0.7178426331544258,0.144502890676411,0.3862045453268052,-0.0029871286988442103
random_forest,fold_2,no_employment_growth,0.3956287764840697,0.7077206559793624,0.1530120546051328,0.3998525232957446,-0.004223746811674922
random_forest,fold_2,no_acs_controls,0.3875400820835422,0.6883867698544316,0.1551964937854393,0.3998525232957446,-0.01231244121220243
random_forest,fold_2,no_sector,0.3124525808445247,0.645400057326536,0.1609832670214164,0.3998525232957446,-0.0873999424512199
random_forest,fold_2,no_startup_rate_lag1,0.3886499543688768,0.7016061666973773,0.1540454312395611,0.3998525232957446,-0.011202568926867829
hist_gradient_boosting,fold_2,no_employment_growth,0.4033125209152296,0.7104838462010933,0.1517237388718393,0.4031804285080455,0.00013209240718414783
hist_gradient_boosting,fold_2,no_acs_controls,0.3851282570281255,0.6912474663718445,0.154927652289119,0.4031804285080455,-0.01805217147992
hist_gradient_boosting,fold_2,no_sector,0.3109704240458144,0.6400543578404275,0.1616606792818979,0.4031804285080455,-0.0922100044622311
hist_gradient_boosting,fold_2,no_startup_rate_lag1,0.3992281059414417,0.7079630141473702,0.1522562184951237,0.4031804285080455,-0.003952322566603772
random_forest,fold_3,no_employment_growth,0.345010999788693,0.7056430381826359,0.1332214257712516,0.3445490391777256,0.0004619606109673713
random_forest,fold_3,no_acs_controls,0.3433473618847243,0.6969702767211379,0.1331122715519961,0.3445490391777256,-0.001201677293001302
random_forest,fold_3,no_sector,0.2565408582069473,0.6399453318118506,0.1420948357513805,0.3445490391777256,-0.08800818097077834
random_forest,fold_3,no_startup_rate_lag1,0.337902885553314,0.6944041782073018,0.1347049913255479,0.3445490391777256,-0.0066461536244116215
hist_gradient_boosting,fold_3,no_employment_growth,0.3557253093248859,0.7139549547366785,0.1318829968184965,0.3531742079695767,0.002551101355309171
hist_gradient_boosting,fold_3,no_acs_controls,0.3499571302340094,0.7037509107917521,0.1321233435245985,0.3531742079695767,-0.003217077735567342
hist_gradient_boosting,fold_3,no_sector,0.251030476801087,0.6337768413948868,0.1417145420223681,0.3531742079695767,-0.10214373116848974
hist_gradient_boosting,fold_3,no_startup_rate_lag1,0.3469179002571675,0.7063910988536286,0.133079923308036,0.3531742079695767,-0.006256307712409204
