model,fold,split_role,train_n,validation_n,train_prevalence,validation_prevalence,pr_auc,roc_auc,brier_score,true_positive,false_positive,true_negative,false_negative,recall,precision,f1,balanced_accuracy,threshold_policy,classification_threshold
baseline_1_simple,fold_1,validation,9436.0,3387,0.1849300551080966,0.2001771479185119,0.4032167539841718,0.7087448045464099,0.1442873390176488,422,904,1805,256,0.6224188790560472,0.3182503770739064,0.4211576846307385,0.6443582029093451,training_prevalence,0.1849300551080966
random_forest,fold_1,validation,9436.0,3387,0.1849300551080966,0.2001771479185119,0.3839920887886521,0.7069432058112857,0.1456171240717259,500,1180,1529,178,0.7374631268436578,0.2976190476190476,0.4240882103477523,0.6509390200478902,training_prevalence,0.1849300551080966
hist_gradient_boosting,fold_1,validation,9436.0,3387,0.1849300551080966,0.2001771479185119,0.3862045453268052,0.7155436755663139,0.1443474782907207,472,1024,1685,206,0.696165191740413,0.3155080213903743,0.4342226310947562,0.6590829650101105,training_prevalence,0.1849300551080966
baseline_1_simple,fold_2,validation,12823.0,3409,0.1858379474381969,0.213845702552068,0.3867641080409627,0.6796352599144196,0.1557548236310118,415,880,1800,314,0.5692729766803841,0.3204633204633205,0.4100790513833992,0.6204573838625802,training_prevalence,0.1858379474381969
random_forest,fold_2,validation,12823.0,3409,0.1858379474381969,0.213845702552068,0.3998525232957446,0.7061841000757529,0.153177611328657,554,1231,1449,175,0.7599451303155007,0.3103641456582633,0.4407319013524264,0.6503083860532728,training_prevalence,0.1858379474381969
hist_gradient_boosting,fold_2,validation,12823.0,3409,0.1858379474381969,0.213845702552068,0.4031804285080455,0.7100753946317794,0.1515997331281239,507,1088,1592,222,0.6954732510288066,0.3178683385579937,0.4363166953528399,0.6447515508875377,training_prevalence,0.1858379474381969
baseline_1_simple,fold_3,validation,16232.0,6837,0.1880236569738787,0.1756618399882989,0.3452012259455401,0.6976181724597849,0.1333772222682918,807,2242,3394,394,0.671940049958368,0.2646769432600853,0.3797647058823529,0.6370700959515048,training_prevalence,0.1880236569738787
random_forest,fold_3,validation,16232.0,6837,0.1880236569738787,0.1756618399882989,0.3445490391777256,0.7014105527154152,0.1337646601902915,980,2990,2646,221,0.8159866777685262,0.2468513853904282,0.3790369367627151,0.6427342899133617,training_prevalence,0.1880236569738787
hist_gradient_boosting,fold_3,validation,16232.0,6837,0.1880236569738787,0.1756618399882989,0.3531742079695767,0.7133704376941619,0.1320436710859304,886,2466,3170,315,0.7377185678601166,0.2643198090692124,0.3891939380628157,0.6500871050798098,training_prevalence,0.1880236569738787
baseline_1_simple,pooled_oof,pooled_oof,,13633,,0.1913005207951294,0.3673097574692976,0.6927486331956095,0.1416833770746869,1644,4026,6999,964,0.6303680981595092,0.28994708994708995,0.3971973906740759,0.6325990150661491,fold_training_prevalence,
random_forest,pooled_oof,pooled_oof,,13633,,0.1913005207951294,0.3640582299101497,0.6996723842911398,0.14156360727436,1981,5160,5865,627,0.7595858895705522,0.2774121271530598,0.4064006564775875,0.6457793393430993,pooled_prevalence_diagnostic,0.1913005207951294
hist_gradient_boosting,pooled_oof,pooled_oof,,13633,,0.1913005207951294,0.3713600481797186,0.7108461840769027,0.1399905360829569,1824,4390,6635,784,0.6993865030674846,0.2935307370453814,0.4135116753570619,0.6506002810122004,pooled_prevalence_diagnostic,0.1913005207951294
