model,fold,feature,feature_value,mean_predicted_probability,training_support_min,training_support_max
random_forest,fold_1,startup_rate,1.5643800546925004,0.2565445005496938,1.5643800546925004,11.444236076074548
random_forest,fold_1,startup_rate,3.308049019559063,0.23376099053284588,1.5643800546925004,11.444236076074548
random_forest,fold_1,startup_rate,4.054054054054054,0.22214814996201204,1.5643800546925004,11.444236076074548
random_forest,fold_1,startup_rate,4.672897196261682,0.2182492888713016,1.5643800546925004,11.444236076074548
random_forest,fold_1,startup_rate,5.194232199157296,0.19760401866003008,1.5643800546925004,11.444236076074548
random_forest,fold_1,startup_rate,5.785123966942149,0.19128916722233763,1.5643800546925004,11.444236076074548
random_forest,fold_1,startup_rate,6.29252679853023,0.18160841625549373,1.5643800546925004,11.444236076074548
random_forest,fold_1,startup_rate,6.9779768516859555,0.17833215562449894,1.5643800546925004,11.444236076074548
random_forest,fold_1,startup_rate,7.6923076923076925,0.1775734250093642,1.5643800546925004,11.444236076074548
random_forest,fold_1,startup_rate,8.5081265621829,0.17867644028991603,1.5643800546925004,11.444236076074548
random_forest,fold_1,startup_rate,9.484758331577437,0.17595813132142898,1.5643800546925004,11.444236076074548
random_forest,fold_1,startup_rate,11.444236076074548,0.17528910935737932,1.5643800546925004,11.444236076074548
random_forest,fold_1,startup_rate_lag1,1.7700249669555006,0.21742321199956013,1.7700249669555006,11.27880184331797
random_forest,fold_1,startup_rate_lag1,3.4045581042334288,0.21402042742646749,1.7700249669555006,11.27880184331797
random_forest,fold_1,startup_rate_lag1,4.0887331121538475,0.20130977785688065,1.7700249669555006,11.27880184331797
random_forest,fold_1,startup_rate_lag1,4.689516163718945,0.194559185330945,1.7700249669555006,11.27880184331797
random_forest,fold_1,startup_rate_lag1,5.220667886330537,0.19298542012309025,1.7700249669555006,11.27880184331797
random_forest,fold_1,startup_rate_lag1,5.799608993157378,0.1884400303179945,1.7700249669555006,11.27880184331797
random_forest,fold_1,startup_rate_lag1,6.358002484816793,0.18609853613951435,1.7700249669555006,11.27880184331797
random_forest,fold_1,startup_rate_lag1,6.989247311827956,0.18439750743897682,1.7700249669555006,11.27880184331797
random_forest,fold_1,startup_rate_lag1,7.623081257837672,0.18460567733895447,1.7700249669555006,11.27880184331797
random_forest,fold_1,startup_rate_lag1,8.397050084157334,0.18773644936082265,1.7700249669555006,11.27880184331797
random_forest,fold_1,startup_rate_lag1,9.482217983049953,0.1942003033272769,1.7700249669555006,11.27880184331797
random_forest,fold_1,startup_rate_lag1,11.27880184331797,0.20127919313862128,1.7700249669555006,11.27880184331797
random_forest,fold_1,employment_growth,-0.06709795418432203,0.2061508611721194,-0.06709795418432203,0.11284235628712364
random_forest,fold_1,employment_growth,-0.029551833481223408,0.19903355535357822,-0.06709795418432203,0.11284235628712364
random_forest,fold_1,employment_growth,-0.013380790604724526,0.1871056453303287,-0.06709795418432203,0.11284235628712364
random_forest,fold_1,employment_growth,-0.001987595737595738,0.18109416611261756,-0.06709795418432203,0.11284235628712364
random_forest,fold_1,employment_growth,0.00582432860377349,0.17729950558021756,-0.06709795418432203,0.11284235628712364
random_forest,fold_1,employment_growth,0.012247679624390061,0.1762523463358947,-0.06709795418432203,0.11284235628712364
random_forest,fold_1,employment_growth,0.018049371248384606,0.17614481851014932,-0.06709795418432203,0.11284235628712364
random_forest,fold_1,employment_growth,0.025526170010826823,0.1764669585211075,-0.06709795418432203,0.11284235628712364
random_forest,fold_1,employment_growth,0.033818744453094504,0.17914250048456853,-0.06709795418432203,0.11284235628712364
random_forest,fold_1,employment_growth,0.04501042259473928,0.18818575173266644,-0.06709795418432203,0.11284235628712364
random_forest,fold_1,employment_growth,0.061955195701279206,0.19196733610515793,-0.06709795418432203,0.11284235628712364
random_forest,fold_1,employment_growth,0.11284235628712364,0.1927272158254423,-0.06709795418432203,0.11284235628712364
random_forest,fold_1,unemployment_rate,5.7,0.2014542732680377,5.7,14.1
random_forest,fold_1,unemployment_rate,6.7,0.18948370311314994,5.7,14.1
random_forest,fold_1,unemployment_rate,7.3,0.18434469176583804,5.7,14.1
random_forest,fold_1,unemployment_rate,7.834090909090901,0.18240072653959247,5.7,14.1
random_forest,fold_1,unemployment_rate,8.2,0.18334591073418297,5.7,14.1
random_forest,fold_1,unemployment_rate,8.7,0.1833134039949901,5.7,14.1
random_forest,fold_1,unemployment_rate,9.3,0.18446633063308096,5.7,14.1
random_forest,fold_1,unemployment_rate,9.8,0.18236942960092073,5.7,14.1
random_forest,fold_1,unemployment_rate,10.3,0.18134607779691947,5.7,14.1
random_forest,fold_1,unemployment_rate,11.0,0.1827771041390751,5.7,14.1
random_forest,fold_1,unemployment_rate,12.2,0.18387966026382901,5.7,14.1
random_forest,fold_1,unemployment_rate,14.1,0.1823239022114218,5.7,14.1
random_forest,fold_1,median_household_income,39446.65,0.20963230242713238,39446.65,67437.0
random_forest,fold_1,median_household_income,42187.0,0.20354686122613347,39446.65,67437.0
random_forest,fold_1,median_household_income,43803.0,0.1967218213768333,39446.65,67437.0
random_forest,fold_1,median_household_income,45563.0,0.19466707921933402,39446.65,67437.0
random_forest,fold_1,median_household_income,47222.0,0.19397024425153553,39446.65,67437.0
random_forest,fold_1,median_household_income,48582.0,0.18482430441225212,39446.65,67437.0
random_forest,fold_1,median_household_income,49850.44545454546,0.18205086660378944,39446.65,67437.0
random_forest,fold_1,median_household_income,51639.0,0.18161853736834338,39446.65,67437.0
random_forest,fold_1,median_household_income,53895.0,0.18170456592266193,39446.65,67437.0
random_forest,fold_1,median_household_income,56589.0,0.17764459683321884,39446.65,67437.0
random_forest,fold_1,median_household_income,60329.0,0.18209931890592235,39446.65,67437.0
random_forest,fold_1,median_household_income,67437.0,0.1876511207260678,39446.65,67437.0
random_forest,fold_1,acs_population_growth,-0.002991853737265484,0.23698245924344533,-0.002991853737265484,0.0273485376237681
random_forest,fold_1,acs_population_growth,0.00010092540835972921,0.23197593088569032,-0.002991853737265484,0.0273485376237681
random_forest,fold_1,acs_population_growth,0.0023852889970476824,0.2232805422285261,-0.002991853737265484,0.0273485376237681
random_forest,fold_1,acs_population_growth,0.0041612619019840555,0.21852590571944297,-0.002991853737265484,0.0273485376237681
random_forest,fold_1,acs_population_growth,0.00588848911020656,0.21794312504578356,-0.002991853737265484,0.0273485376237681
random_forest,fold_1,acs_population_growth,0.007687245205754922,0.21490200675802612,-0.002991853737265484,0.0273485376237681
random_forest,fold_1,acs_population_growth,0.009033871780923386,0.18438418794037584,-0.002991853737265484,0.0273485376237681
random_forest,fold_1,acs_population_growth,0.010788069983275889,0.15284054053694276,-0.002991853737265484,0.0273485376237681
random_forest,fold_1,acs_population_growth,0.012854869660103725,0.14647813482821057,-0.002991853737265484,0.0273485376237681
random_forest,fold_1,acs_population_growth,0.015274414517884758,0.14697027774925894,-0.002991853737265484,0.0273485376237681
random_forest,fold_1,acs_population_growth,0.01863010971260852,0.1455205057884636,-0.002991853737265484,0.0273485376237681
random_forest,fold_1,acs_population_growth,0.0273485376237681,0.13726362184707258,-0.002991853737265484,0.0273485376237681
hist_gradient_boosting,fold_1,startup_rate,1.5643800546925004,0.28742505186944617,1.5643800546925004,11.444236076074548
hist_gradient_boosting,fold_1,startup_rate,3.308049019559063,0.24121707325357988,1.5643800546925004,11.444236076074548
hist_gradient_boosting,fold_1,startup_rate,4.054054054054054,0.22883492483379378,1.5643800546925004,11.444236076074548
hist_gradient_boosting,fold_1,startup_rate,4.672897196261682,0.22939366247724538,1.5643800546925004,11.444236076074548
hist_gradient_boosting,fold_1,startup_rate,5.194232199157296,0.20687834542503833,1.5643800546925004,11.444236076074548
hist_gradient_boosting,fold_1,startup_rate,5.785123966942149,0.1987042649131567,1.5643800546925004,11.444236076074548
hist_gradient_boosting,fold_1,startup_rate,6.29252679853023,0.1866121591973576,1.5643800546925004,11.444236076074548
hist_gradient_boosting,fold_1,startup_rate,6.9779768516859555,0.16973060484737776,1.5643800546925004,11.444236076074548
hist_gradient_boosting,fold_1,startup_rate,7.6923076923076925,0.16831726605327743,1.5643800546925004,11.444236076074548
hist_gradient_boosting,fold_1,startup_rate,8.5081265621829,0.16900487486908725,1.5643800546925004,11.444236076074548
hist_gradient_boosting,fold_1,startup_rate,9.484758331577437,0.15965333559980768,1.5643800546925004,11.444236076074548
hist_gradient_boosting,fold_1,startup_rate,11.444236076074548,0.15813048181000883,1.5643800546925004,11.444236076074548
hist_gradient_boosting,fold_1,startup_rate_lag1,1.7700249669555006,0.22856651445887818,1.7700249669555006,11.27880184331797
hist_gradient_boosting,fold_1,startup_rate_lag1,3.4045581042334288,0.22468757728057362,1.7700249669555006,11.27880184331797
hist_gradient_boosting,fold_1,startup_rate_lag1,4.0887331121538475,0.19601719750948574,1.7700249669555006,11.27880184331797
hist_gradient_boosting,fold_1,startup_rate_lag1,4.689516163718945,0.19399820474200272,1.7700249669555006,11.27880184331797
hist_gradient_boosting,fold_1,startup_rate_lag1,5.220667886330537,0.19274158489992213,1.7700249669555006,11.27880184331797
hist_gradient_boosting,fold_1,startup_rate_lag1,5.799608993157378,0.1880563760218063,1.7700249669555006,11.27880184331797
hist_gradient_boosting,fold_1,startup_rate_lag1,6.358002484816793,0.182227046885653,1.7700249669555006,11.27880184331797
hist_gradient_boosting,fold_1,startup_rate_lag1,6.989247311827956,0.17787235312388872,1.7700249669555006,11.27880184331797
hist_gradient_boosting,fold_1,startup_rate_lag1,7.623081257837672,0.1785927481757003,1.7700249669555006,11.27880184331797
hist_gradient_boosting,fold_1,startup_rate_lag1,8.397050084157334,0.1804372461673909,1.7700249669555006,11.27880184331797
hist_gradient_boosting,fold_1,startup_rate_lag1,9.482217983049953,0.19402542483465296,1.7700249669555006,11.27880184331797
hist_gradient_boosting,fold_1,startup_rate_lag1,11.27880184331797,0.19347091544502326,1.7700249669555006,11.27880184331797
hist_gradient_boosting,fold_1,employment_growth,-0.06709795418432203,0.19863213474489716,-0.06709795418432203,0.11284235628712364
hist_gradient_boosting,fold_1,employment_growth,-0.029551833481223408,0.18995909859690732,-0.06709795418432203,0.11284235628712364
hist_gradient_boosting,fold_1,employment_growth,-0.013380790604724526,0.18505587676438295,-0.06709795418432203,0.11284235628712364
hist_gradient_boosting,fold_1,employment_growth,-0.001987595737595738,0.18401725208088085,-0.06709795418432203,0.11284235628712364
hist_gradient_boosting,fold_1,employment_growth,0.00582432860377349,0.17946123463333402,-0.06709795418432203,0.11284235628712364
hist_gradient_boosting,fold_1,employment_growth,0.012247679624390061,0.17926071103823008,-0.06709795418432203,0.11284235628712364
hist_gradient_boosting,fold_1,employment_growth,0.018049371248384606,0.17959974972560905,-0.06709795418432203,0.11284235628712364
hist_gradient_boosting,fold_1,employment_growth,0.025526170010826823,0.1786710062257944,-0.06709795418432203,0.11284235628712364
hist_gradient_boosting,fold_1,employment_growth,0.033818744453094504,0.1834380906854069,-0.06709795418432203,0.11284235628712364
hist_gradient_boosting,fold_1,employment_growth,0.04501042259473928,0.1901183641179022,-0.06709795418432203,0.11284235628712364
hist_gradient_boosting,fold_1,employment_growth,0.061955195701279206,0.19172773123869802,-0.06709795418432203,0.11284235628712364
hist_gradient_boosting,fold_1,employment_growth,0.11284235628712364,0.19010988749184124,-0.06709795418432203,0.11284235628712364
hist_gradient_boosting,fold_1,unemployment_rate,5.7,0.19355169343969053,5.7,14.1
hist_gradient_boosting,fold_1,unemployment_rate,6.7,0.18354075004487136,5.7,14.1
hist_gradient_boosting,fold_1,unemployment_rate,7.3,0.18296493768524957,5.7,14.1
hist_gradient_boosting,fold_1,unemployment_rate,7.834090909090901,0.18296493768524957,5.7,14.1
hist_gradient_boosting,fold_1,unemployment_rate,8.2,0.18229202499866018,5.7,14.1
hist_gradient_boosting,fold_1,unemployment_rate,8.7,0.18241280510368219,5.7,14.1
hist_gradient_boosting,fold_1,unemployment_rate,9.3,0.18678807592680338,5.7,14.1
hist_gradient_boosting,fold_1,unemployment_rate,9.8,0.18620359687448346,5.7,14.1
hist_gradient_boosting,fold_1,unemployment_rate,10.3,0.18323313577483205,5.7,14.1
hist_gradient_boosting,fold_1,unemployment_rate,11.0,0.1823836173018543,5.7,14.1
hist_gradient_boosting,fold_1,unemployment_rate,12.2,0.18514569152588914,5.7,14.1
hist_gradient_boosting,fold_1,unemployment_rate,14.1,0.16069211790099203,5.7,14.1
hist_gradient_boosting,fold_1,median_household_income,39446.65,0.20598316801625743,39446.65,67437.0
hist_gradient_boosting,fold_1,median_household_income,42187.0,0.2004929445554462,39446.65,67437.0
hist_gradient_boosting,fold_1,median_household_income,43803.0,0.19301801712222272,39446.65,67437.0
hist_gradient_boosting,fold_1,median_household_income,45563.0,0.1914412718458534,39446.65,67437.0
hist_gradient_boosting,fold_1,median_household_income,47222.0,0.1919729534816057,39446.65,67437.0
hist_gradient_boosting,fold_1,median_household_income,48582.0,0.1835046463728916,39446.65,67437.0
hist_gradient_boosting,fold_1,median_household_income,49850.44545454546,0.18065576673676614,39446.65,67437.0
hist_gradient_boosting,fold_1,median_household_income,51639.0,0.1807759926111711,39446.65,67437.0
hist_gradient_boosting,fold_1,median_household_income,53895.0,0.18016897879559785,39446.65,67437.0
hist_gradient_boosting,fold_1,median_household_income,56589.0,0.1780690370056602,39446.65,67437.0
hist_gradient_boosting,fold_1,median_household_income,60329.0,0.1772110527908183,39446.65,67437.0
hist_gradient_boosting,fold_1,median_household_income,67437.0,0.18706397862022894,39446.65,67437.0
hist_gradient_boosting,fold_1,acs_population_growth,-0.002991853737265484,0.24506123117519274,-0.002991853737265484,0.0273485376237681
hist_gradient_boosting,fold_1,acs_population_growth,0.00010092540835972921,0.23694407889758054,-0.002991853737265484,0.0273485376237681
hist_gradient_boosting,fold_1,acs_population_growth,0.0023852889970476824,0.21964528825130583,-0.002991853737265484,0.0273485376237681
hist_gradient_boosting,fold_1,acs_population_growth,0.0041612619019840555,0.21717112066572294,-0.002991853737265484,0.0273485376237681
hist_gradient_boosting,fold_1,acs_population_growth,0.00588848911020656,0.22022699313532604,-0.002991853737265484,0.0273485376237681
hist_gradient_boosting,fold_1,acs_population_growth,0.007687245205754922,0.21071856021399454,-0.002991853737265484,0.0273485376237681
hist_gradient_boosting,fold_1,acs_population_growth,0.009033871780923386,0.19229219308945794,-0.002991853737265484,0.0273485376237681
hist_gradient_boosting,fold_1,acs_population_growth,0.010788069983275889,0.15152465843763757,-0.002991853737265484,0.0273485376237681
hist_gradient_boosting,fold_1,acs_population_growth,0.012854869660103725,0.14827121276158778,-0.002991853737265484,0.0273485376237681
hist_gradient_boosting,fold_1,acs_population_growth,0.015274414517884758,0.14928264029064572,-0.002991853737265484,0.0273485376237681
hist_gradient_boosting,fold_1,acs_population_growth,0.01863010971260852,0.1447446724638406,-0.002991853737265484,0.0273485376237681
hist_gradient_boosting,fold_1,acs_population_growth,0.0273485376237681,0.12719920098678275,-0.002991853737265484,0.0273485376237681
random_forest,fold_2,startup_rate,1.3770114942528737,0.25019376553101336,1.3770114942528737,11.602456590370954
random_forest,fold_2,startup_rate,3.286917018925508,0.22616858906773937,1.3770114942528737,11.602456590370954
random_forest,fold_2,startup_rate,4.1782244964123185,0.21611872751043557,1.3770114942528737,11.602456590370954
random_forest,fold_2,startup_rate,4.725798482475486,0.21478525887274663,1.3770114942528737,11.602456590370954
random_forest,fold_2,startup_rate,5.297650292421829,0.2087576832112164,1.3770114942528737,11.602456590370954
random_forest,fold_2,startup_rate,5.864306412526513,0.19276537089642762,1.3770114942528737,11.602456590370954
random_forest,fold_2,startup_rate,6.443247201590125,0.18553750309111458,1.3770114942528737,11.602456590370954
random_forest,fold_2,startup_rate,7.0859795122071185,0.17652685258363982,1.3770114942528737,11.602456590370954
random_forest,fold_2,startup_rate,7.8125,0.17690404415651823,1.3770114942528737,11.602456590370954
random_forest,fold_2,startup_rate,8.562719077348108,0.17491622136624127,1.3770114942528737,11.602456590370954
random_forest,fold_2,startup_rate,9.626147280307148,0.17086023792713298,1.3770114942528737,11.602456590370954
random_forest,fold_2,startup_rate,11.602456590370954,0.17760724100661587,1.3770114942528737,11.602456590370954
random_forest,fold_2,startup_rate_lag1,1.0116412762288018,0.21298217730261967,1.0116412762288018,11.450985125064113
random_forest,fold_2,startup_rate_lag1,3.2182100837367056,0.20657140208797986,1.0116412762288018,11.450985125064113
random_forest,fold_2,startup_rate_lag1,4.053938157711743,0.20175814031641934,1.0116412762288018,11.450985125064113
random_forest,fold_2,startup_rate_lag1,4.658953389387266,0.19596895906042258,1.0116412762288018,11.450985125064113
random_forest,fold_2,startup_rate_lag1,5.217391304347826,0.19411691827748398,1.0116412762288018,11.450985125064113
random_forest,fold_2,startup_rate_lag1,5.801135812126164,0.18868561403237866,1.0116412762288018,11.450985125064113
random_forest,fold_2,startup_rate_lag1,6.4337469461231835,0.18507288314194617,1.0116412762288018,11.450985125064113
random_forest,fold_2,startup_rate_lag1,7.017543859649122,0.18315284833766937,1.0116412762288018,11.450985125064113
random_forest,fold_2,startup_rate_lag1,7.6923076923076925,0.18356052080240742,1.0116412762288018,11.450985125064113
random_forest,fold_2,startup_rate_lag1,8.44341568721516,0.184213338385424,1.0116412762288018,11.450985125064113
random_forest,fold_2,startup_rate_lag1,9.541813374992483,0.18946053396041326,1.0116412762288018,11.450985125064113
random_forest,fold_2,startup_rate_lag1,11.450985125064113,0.19527543456098642,1.0116412762288018,11.450985125064113
random_forest,fold_2,employment_growth,-0.06813854982692658,0.2058276086851585,-0.06813854982692658,0.10805667518574542
random_forest,fold_2,employment_growth,-0.02983584917404269,0.1978688639903883,-0.06813854982692658,0.10805667518574542
random_forest,fold_2,employment_growth,-0.013451384427738038,0.18483607076435052,-0.06813854982692658,0.10805667518574542
random_forest,fold_2,employment_growth,-0.0019934184692408908,0.17940868644363286,-0.06813854982692658,0.10805667518574542
random_forest,fold_2,employment_growth,0.006667104344526037,0.17693453326014105,-0.06813854982692658,0.10805667518574542
random_forest,fold_2,employment_growth,0.012775847282655864,0.17576440021562253,-0.06813854982692658,0.10805667518574542
random_forest,fold_2,employment_growth,0.019094519439217802,0.17633260863045985,-0.06813854982692658,0.10805667518574542
random_forest,fold_2,employment_growth,0.02625703665493195,0.17580173555487885,-0.06813854982692658,0.10805667518574542
random_forest,fold_2,employment_growth,0.03406284338756406,0.17743396769186914,-0.06813854982692658,0.10805667518574542
random_forest,fold_2,employment_growth,0.044977853994010934,0.18156527400172,-0.06813854982692658,0.10805667518574542
random_forest,fold_2,employment_growth,0.06309729729653439,0.18532934272065382,-0.06813854982692658,0.10805667518574542
random_forest,fold_2,employment_growth,0.10805667518574542,0.18888094377954154,-0.06813854982692658,0.10805667518574542
random_forest,fold_2,unemployment_rate,5.6,0.2134445535983432,5.6,14.0
random_forest,fold_2,unemployment_rate,6.7,0.19042099186564768,5.6,14.0
random_forest,fold_2,unemployment_rate,7.5,0.1819134092662569,5.6,14.0
random_forest,fold_2,unemployment_rate,8.0,0.18240247617804092,5.6,14.0
random_forest,fold_2,unemployment_rate,8.4,0.18273180073968762,5.6,14.0
random_forest,fold_2,unemployment_rate,8.8,0.18276499212868436,5.6,14.0
random_forest,fold_2,unemployment_rate,9.3,0.18219682902679082,5.6,14.0
random_forest,fold_2,unemployment_rate,9.8,0.1799893833722568,5.6,14.0
random_forest,fold_2,unemployment_rate,10.4,0.17831351202554882,5.6,14.0
random_forest,fold_2,unemployment_rate,11.2,0.17862070915962172,5.6,14.0
random_forest,fold_2,unemployment_rate,12.2,0.1777014868518352,5.6,14.0
random_forest,fold_2,unemployment_rate,14.0,0.1761970590649095,5.6,14.0
random_forest,fold_2,median_household_income,39383.0,0.20334758906081674,39383.0,67894.24999999999
random_forest,fold_2,median_household_income,42591.0,0.19697172383331882,39383.0,67894.24999999999
random_forest,fold_2,median_household_income,44052.79090909091,0.1908646382681304,39383.0,67894.24999999999
random_forest,fold_2,median_household_income,45635.704545454544,0.1903273895581331,39383.0,67894.24999999999
random_forest,fold_2,median_household_income,47341.0,0.18916165211785924,39383.0,67894.24999999999
random_forest,fold_2,median_household_income,48705.0,0.18627653367764793,39383.0,67894.24999999999
random_forest,fold_2,median_household_income,50118.24545454545,0.18349506753642736,39383.0,67894.24999999999
random_forest,fold_2,median_household_income,51950.56363636364,0.18180243744167582,39383.0,67894.24999999999
random_forest,fold_2,median_household_income,54022.0,0.1808182884315654,39383.0,67894.24999999999
random_forest,fold_2,median_household_income,56961.0,0.17821438804988413,39383.0,67894.24999999999
random_forest,fold_2,median_household_income,60836.45,0.17986465665829213,39383.0,67894.24999999999
random_forest,fold_2,median_household_income,67894.24999999999,0.18187844343024026,39383.0,67894.24999999999
random_forest,fold_2,acs_population_growth,-0.0027830616231121776,0.2461714545445535,-0.0027830616231121776,0.02396467494218492
random_forest,fold_2,acs_population_growth,4.263458908639636e-05,0.23008578972849172,-0.0027830616231121776,0.02396467494218492
random_forest,fold_2,acs_population_growth,0.0022337816025244177,0.2181128669427253,-0.0027830616231121776,0.02396467494218492
random_forest,fold_2,acs_population_growth,0.003912342223576668,0.21250236528008012,-0.0027830616231121776,0.02396467494218492
random_forest,fold_2,acs_population_growth,0.005702383581420034,0.2127060456967876,-0.0027830616231121776,0.02396467494218492
random_forest,fold_2,acs_population_growth,0.007231895976316763,0.20975285168698565,-0.0027830616231121776,0.02396467494218492
random_forest,fold_2,acs_population_growth,0.00885619197757926,0.17406338796305407,-0.0027830616231121776,0.02396467494218492
random_forest,fold_2,acs_population_growth,0.010279188049860498,0.1587807705348136,-0.0027830616231121776,0.02396467494218492
random_forest,fold_2,acs_population_growth,0.012180293501048219,0.14740742003705942,-0.0027830616231121776,0.02396467494218492
random_forest,fold_2,acs_population_growth,0.01464281095733256,0.14155346711162392,-0.0027830616231121776,0.02396467494218492
random_forest,fold_2,acs_population_growth,0.018081328242919293,0.14183652589911236,-0.0027830616231121776,0.02396467494218492
random_forest,fold_2,acs_population_growth,0.02396467494218492,0.13500431539304972,-0.0027830616231121776,0.02396467494218492
hist_gradient_boosting,fold_2,startup_rate,1.3770114942528737,0.29909014701624026,1.3770114942528737,11.602456590370954
hist_gradient_boosting,fold_2,startup_rate,3.286917018925508,0.24051932075690383,1.3770114942528737,11.602456590370954
hist_gradient_boosting,fold_2,startup_rate,4.1782244964123185,0.22097649110592574,1.3770114942528737,11.602456590370954
hist_gradient_boosting,fold_2,startup_rate,4.725798482475486,0.21979064461627057,1.3770114942528737,11.602456590370954
hist_gradient_boosting,fold_2,startup_rate,5.297650292421829,0.20608183444380285,1.3770114942528737,11.602456590370954
hist_gradient_boosting,fold_2,startup_rate,5.864306412526513,0.18570919587891735,1.3770114942528737,11.602456590370954
hist_gradient_boosting,fold_2,startup_rate,6.443247201590125,0.17693720830197604,1.3770114942528737,11.602456590370954
hist_gradient_boosting,fold_2,startup_rate,7.0859795122071185,0.16365418888775127,1.3770114942528737,11.602456590370954
hist_gradient_boosting,fold_2,startup_rate,7.8125,0.163817430793477,1.3770114942528737,11.602456590370954
hist_gradient_boosting,fold_2,startup_rate,8.562719077348108,0.1622671008035843,1.3770114942528737,11.602456590370954
hist_gradient_boosting,fold_2,startup_rate,9.626147280307148,0.15385662475509443,1.3770114942528737,11.602456590370954
hist_gradient_boosting,fold_2,startup_rate,11.602456590370954,0.16418642787645105,1.3770114942528737,11.602456590370954
hist_gradient_boosting,fold_2,startup_rate_lag1,1.0116412762288018,0.20386930998473177,1.0116412762288018,11.450985125064113
hist_gradient_boosting,fold_2,startup_rate_lag1,3.2182100837367056,0.2054922373388202,1.0116412762288018,11.450985125064113
hist_gradient_boosting,fold_2,startup_rate_lag1,4.053938157711743,0.19904944358910248,1.0116412762288018,11.450985125064113
hist_gradient_boosting,fold_2,startup_rate_lag1,4.658953389387266,0.19212599246263626,1.0116412762288018,11.450985125064113
hist_gradient_boosting,fold_2,startup_rate_lag1,5.217391304347826,0.191459121032114,1.0116412762288018,11.450985125064113
hist_gradient_boosting,fold_2,startup_rate_lag1,5.801135812126164,0.18881955477070284,1.0116412762288018,11.450985125064113
hist_gradient_boosting,fold_2,startup_rate_lag1,6.4337469461231835,0.177363611007151,1.0116412762288018,11.450985125064113
hist_gradient_boosting,fold_2,startup_rate_lag1,7.017543859649122,0.1729124114963492,1.0116412762288018,11.450985125064113
hist_gradient_boosting,fold_2,startup_rate_lag1,7.6923076923076925,0.17128590530592008,1.0116412762288018,11.450985125064113
hist_gradient_boosting,fold_2,startup_rate_lag1,8.44341568721516,0.17091322395755665,1.0116412762288018,11.450985125064113
hist_gradient_boosting,fold_2,startup_rate_lag1,9.541813374992483,0.17808329168831172,1.0116412762288018,11.450985125064113
hist_gradient_boosting,fold_2,startup_rate_lag1,11.450985125064113,0.183233192047785,1.0116412762288018,11.450985125064113
hist_gradient_boosting,fold_2,employment_growth,-0.06813854982692658,0.19771219568376427,-0.06813854982692658,0.10805667518574542
hist_gradient_boosting,fold_2,employment_growth,-0.02983584917404269,0.19800689717875206,-0.06813854982692658,0.10805667518574542
hist_gradient_boosting,fold_2,employment_growth,-0.013451384427738038,0.18131826916032914,-0.06813854982692658,0.10805667518574542
hist_gradient_boosting,fold_2,employment_growth,-0.0019934184692408908,0.18158658398875857,-0.06813854982692658,0.10805667518574542
hist_gradient_boosting,fold_2,employment_growth,0.006667104344526037,0.17747640402070905,-0.06813854982692658,0.10805667518574542
hist_gradient_boosting,fold_2,employment_growth,0.012775847282655864,0.17743298328774837,-0.06813854982692658,0.10805667518574542
hist_gradient_boosting,fold_2,employment_growth,0.019094519439217802,0.17813781275736068,-0.06813854982692658,0.10805667518574542
hist_gradient_boosting,fold_2,employment_growth,0.02625703665493195,0.17763151351598436,-0.06813854982692658,0.10805667518574542
hist_gradient_boosting,fold_2,employment_growth,0.03406284338756406,0.17852988841130613,-0.06813854982692658,0.10805667518574542
hist_gradient_boosting,fold_2,employment_growth,0.044977853994010934,0.18329274394163236,-0.06813854982692658,0.10805667518574542
hist_gradient_boosting,fold_2,employment_growth,0.06309729729653439,0.18527144389748681,-0.06813854982692658,0.10805667518574542
hist_gradient_boosting,fold_2,employment_growth,0.10805667518574542,0.1836165050267841,-0.06813854982692658,0.10805667518574542
hist_gradient_boosting,fold_2,unemployment_rate,5.6,0.2019321936792593,5.6,14.0
hist_gradient_boosting,fold_2,unemployment_rate,6.7,0.188644657377946,5.6,14.0
hist_gradient_boosting,fold_2,unemployment_rate,7.5,0.17907709236052896,5.6,14.0
hist_gradient_boosting,fold_2,unemployment_rate,8.0,0.18061732432448677,5.6,14.0
hist_gradient_boosting,fold_2,unemployment_rate,8.4,0.181159963259353,5.6,14.0
hist_gradient_boosting,fold_2,unemployment_rate,8.8,0.18171712888595448,5.6,14.0
hist_gradient_boosting,fold_2,unemployment_rate,9.3,0.18091485437907676,5.6,14.0
hist_gradient_boosting,fold_2,unemployment_rate,9.8,0.17774548423709333,5.6,14.0
hist_gradient_boosting,fold_2,unemployment_rate,10.4,0.17783325367643715,5.6,14.0
hist_gradient_boosting,fold_2,unemployment_rate,11.2,0.17767911202301112,5.6,14.0
hist_gradient_boosting,fold_2,unemployment_rate,12.2,0.17782208046899656,5.6,14.0
hist_gradient_boosting,fold_2,unemployment_rate,14.0,0.15840014097402358,5.6,14.0
hist_gradient_boosting,fold_2,median_household_income,39383.0,0.19428055429496,39383.0,67894.24999999999
hist_gradient_boosting,fold_2,median_household_income,42591.0,0.19129364324228837,39383.0,67894.24999999999
hist_gradient_boosting,fold_2,median_household_income,44052.79090909091,0.18565419336168135,39383.0,67894.24999999999
hist_gradient_boosting,fold_2,median_household_income,45635.704545454544,0.18547281565740673,39383.0,67894.24999999999
hist_gradient_boosting,fold_2,median_household_income,47341.0,0.18644507438466645,39383.0,67894.24999999999
hist_gradient_boosting,fold_2,median_household_income,48705.0,0.18304623476287912,39383.0,67894.24999999999
hist_gradient_boosting,fold_2,median_household_income,50118.24545454545,0.18241505448105044,39383.0,67894.24999999999
hist_gradient_boosting,fold_2,median_household_income,51950.56363636364,0.1813882479560993,39383.0,67894.24999999999
hist_gradient_boosting,fold_2,median_household_income,54022.0,0.18103149130356155,39383.0,67894.24999999999
hist_gradient_boosting,fold_2,median_household_income,56961.0,0.17865956709842484,39383.0,67894.24999999999
hist_gradient_boosting,fold_2,median_household_income,60836.45,0.17899571447228305,39383.0,67894.24999999999
hist_gradient_boosting,fold_2,median_household_income,67894.24999999999,0.1813767556931206,39383.0,67894.24999999999
hist_gradient_boosting,fold_2,acs_population_growth,-0.0027830616231121776,0.24804214675588665,-0.0027830616231121776,0.02396467494218492
hist_gradient_boosting,fold_2,acs_population_growth,4.263458908639636e-05,0.22827125226609804,-0.0027830616231121776,0.02396467494218492
hist_gradient_boosting,fold_2,acs_population_growth,0.0022337816025244177,0.20609884451423285,-0.0027830616231121776,0.02396467494218492
hist_gradient_boosting,fold_2,acs_population_growth,0.003912342223576668,0.2043465539868716,-0.0027830616231121776,0.02396467494218492
hist_gradient_boosting,fold_2,acs_population_growth,0.005702383581420034,0.20454743654837076,-0.0027830616231121776,0.02396467494218492
hist_gradient_boosting,fold_2,acs_population_growth,0.007231895976316763,0.20595705349727,-0.0027830616231121776,0.02396467494218492
hist_gradient_boosting,fold_2,acs_population_growth,0.00885619197757926,0.17166326008322966,-0.0027830616231121776,0.02396467494218492
hist_gradient_boosting,fold_2,acs_population_growth,0.010279188049860498,0.15825144781825848,-0.0027830616231121776,0.02396467494218492
hist_gradient_boosting,fold_2,acs_population_growth,0.012180293501048219,0.13958345040937128,-0.0027830616231121776,0.02396467494218492
hist_gradient_boosting,fold_2,acs_population_growth,0.01464281095733256,0.13639036315664085,-0.0027830616231121776,0.02396467494218492
hist_gradient_boosting,fold_2,acs_population_growth,0.018081328242919293,0.1371175534215331,-0.0027830616231121776,0.02396467494218492
hist_gradient_boosting,fold_2,acs_population_growth,0.02396467494218492,0.12234941891446051,-0.0027830616231121776,0.02396467494218492
random_forest,fold_3,startup_rate,1.8401549072001158,0.24911442935962286,1.8401549072001158,11.338259999285112
random_forest,fold_3,startup_rate,3.3823720719132044,0.2283968408898868,1.8401549072001158,11.338259999285112
random_forest,fold_3,startup_rate,4.081332156574251,0.220094513994635,1.8401549072001158,11.338259999285112
random_forest,fold_3,startup_rate,4.703737398392024,0.2185749498237787,1.8401549072001158,11.338259999285112
random_forest,fold_3,startup_rate,5.214699622628009,0.21476612030780576,1.8401549072001158,11.338259999285112
random_forest,fold_3,startup_rate,5.88235294117647,0.1956951617759955,1.8401549072001158,11.338259999285112
random_forest,fold_3,startup_rate,6.472419438576271,0.19169340737131818,1.8401549072001158,11.338259999285112
random_forest,fold_3,startup_rate,7.100726353435228,0.17966272455946578,1.8401549072001158,11.338259999285112
random_forest,fold_3,startup_rate,7.6923076923076925,0.17812372114355987,1.8401549072001158,11.338259999285112
random_forest,fold_3,startup_rate,8.50226574244185,0.17738889977352815,1.8401549072001158,11.338259999285112
random_forest,fold_3,startup_rate,9.54353348455361,0.17368282546232236,1.8401549072001158,11.338259999285112
random_forest,fold_3,startup_rate,11.338259999285112,0.18117301227635904,1.8401549072001158,11.338259999285112
random_forest,fold_3,startup_rate_lag1,1.7693556276960023,0.21695247319215868,1.7693556276960023,11.291159148708333
random_forest,fold_3,startup_rate_lag1,3.2958866228828207,0.20749149768010003,1.7693556276960023,11.291159148708333
random_forest,fold_3,startup_rate_lag1,4.056458726844123,0.2049283305689464,1.7693556276960023,11.291159148708333
random_forest,fold_3,startup_rate_lag1,4.707982193353305,0.20203695687127157,1.7693556276960023,11.291159148708333
random_forest,fold_3,startup_rate_lag1,5.263157894736842,0.201521951672128,1.7693556276960023,11.291159148708333
random_forest,fold_3,startup_rate_lag1,5.840592074053107,0.19268104299908542,1.7693556276960023,11.291159148708333
random_forest,fold_3,startup_rate_lag1,6.385595630902264,0.18817007065475105,1.7693556276960023,11.291159148708333
random_forest,fold_3,startup_rate_lag1,6.9936519959618195,0.1865320929742237,1.7693556276960023,11.291159148708333
random_forest,fold_3,startup_rate_lag1,7.642138820950747,0.18642535522079393,1.7693556276960023,11.291159148708333
random_forest,fold_3,startup_rate_lag1,8.47457627118644,0.18892409212035272,1.7693556276960023,11.291159148708333
random_forest,fold_3,startup_rate_lag1,9.498708662893321,0.19243587469061854,1.7693556276960023,11.291159148708333
random_forest,fold_3,startup_rate_lag1,11.291159148708333,0.20048995157604008,1.7693556276960023,11.291159148708333
random_forest,fold_3,employment_growth,-0.0658887419398783,0.20712428051127582,-0.0658887419398783,0.09403999867414592
random_forest,fold_3,employment_growth,-0.028298075655684204,0.21100147422833876,-0.0658887419398783,0.09403999867414592
random_forest,fold_3,employment_growth,-0.01205118938762118,0.18469114572759396,-0.0658887419398783,0.09403999867414592
random_forest,fold_3,employment_growth,-0.0007626965071164457,0.18308158770127053,-0.0658887419398783,0.09403999867414592
random_forest,fold_3,employment_growth,0.0068256429949226675,0.180323932465341,-0.0658887419398783,0.09403999867414592
random_forest,fold_3,employment_growth,0.012820717855305487,0.17965280187789212,-0.0658887419398783,0.09403999867414592
random_forest,fold_3,employment_growth,0.019595017458213106,0.17947364041107622,-0.0658887419398783,0.09403999867414592
random_forest,fold_3,employment_growth,0.02679790901448679,0.17938795247256173,-0.0658887419398783,0.09403999867414592
random_forest,fold_3,employment_growth,0.033448412426429174,0.18059801175280332,-0.0658887419398783,0.09403999867414592
random_forest,fold_3,employment_growth,0.04405949672356637,0.18205501033985733,-0.0658887419398783,0.09403999867414592
random_forest,fold_3,employment_growth,0.05964697003119434,0.18572691032052835,-0.0658887419398783,0.09403999867414592
random_forest,fold_3,employment_growth,0.09403999867414592,0.18884103850854927,-0.0658887419398783,0.09403999867414592
random_forest,fold_3,unemployment_rate,5.4,0.21225883172623017,5.4,13.9
random_forest,fold_3,unemployment_rate,6.4,0.19514281358144006,5.4,13.9
random_forest,fold_3,unemployment_rate,7.1,0.18558955460759585,5.4,13.9
random_forest,fold_3,unemployment_rate,7.6,0.18270600056804565,5.4,13.9
random_forest,fold_3,unemployment_rate,8.1,0.1833970756527332,5.4,13.9
random_forest,fold_3,unemployment_rate,8.6,0.1828297064961375,5.4,13.9
random_forest,fold_3,unemployment_rate,9.0,0.18286017060497742,5.4,13.9
random_forest,fold_3,unemployment_rate,9.6,0.18090266783912773,5.4,13.9
random_forest,fold_3,unemployment_rate,10.3,0.1803237526356701,5.4,13.9
random_forest,fold_3,unemployment_rate,11.0,0.1799366249648592,5.4,13.9
random_forest,fold_3,unemployment_rate,12.2,0.17975517655971862,5.4,13.9
random_forest,fold_3,unemployment_rate,13.9,0.18071844736164827,5.4,13.9
random_forest,fold_3,median_household_income,39558.0,0.20488553648615035,39558.0,69016.84999999995
random_forest,fold_3,median_household_income,42591.413636363635,0.1996245202524614,39558.0,69016.84999999995
random_forest,fold_3,median_household_income,44249.0,0.19348961642290402,39558.0,69016.84999999995
random_forest,fold_3,median_household_income,45875.02272727273,0.19151769345786993,39558.0,69016.84999999995
random_forest,fold_3,median_household_income,47711.895454545454,0.18915514712979833,39558.0,69016.84999999995
random_forest,fold_3,median_household_income,49255.53636363636,0.1861064670431523,39558.0,69016.84999999995
random_forest,fold_3,median_household_income,50332.781818181815,0.1863030297433307,39558.0,69016.84999999995
random_forest,fold_3,median_household_income,52232.73636363636,0.18547994140508686,39558.0,69016.84999999995
random_forest,fold_3,median_household_income,54165.0,0.18454709531784183,39558.0,69016.84999999995
random_forest,fold_3,median_household_income,57570.109090909034,0.18374872517309326,39558.0,69016.84999999995
random_forest,fold_3,median_household_income,60805.0,0.18689186269423877,39558.0,69016.84999999995
random_forest,fold_3,median_household_income,69016.84999999995,0.1917776018237873,39558.0,69016.84999999995
random_forest,fold_3,acs_population_growth,-0.003365521244620501,0.252820610962593,-0.003365521244620501,0.022287685746849
random_forest,fold_3,acs_population_growth,4.783544606553456e-05,0.22661987787727245,-0.003365521244620501,0.022287685746849
random_forest,fold_3,acs_population_growth,0.0021988906590819637,0.2188160039688345,-0.003365521244620501,0.022287685746849
random_forest,fold_3,acs_population_growth,0.003775039195592576,0.21570290849248636,-0.003365521244620501,0.022287685746849
random_forest,fold_3,acs_population_growth,0.005307832064505696,0.21058848107474845,-0.003365521244620501,0.022287685746849
random_forest,fold_3,acs_population_growth,0.006757936562368277,0.20842812292749344,-0.003365521244620501,0.022287685746849
random_forest,fold_3,acs_population_growth,0.008440602069862824,0.1980450387011862,-0.003365521244620501,0.022287685746849
random_forest,fold_3,acs_population_growth,0.010054287919873445,0.16078813684983542,-0.003365521244620501,0.022287685746849
random_forest,fold_3,acs_population_growth,0.011902335629560183,0.15032074158912181,-0.003365521244620501,0.022287685746849
random_forest,fold_3,acs_population_growth,0.014401085175438911,0.14029716674880746,-0.003365521244620501,0.022287685746849
random_forest,fold_3,acs_population_growth,0.0171814224281478,0.1397522804276463,-0.003365521244620501,0.022287685746849
random_forest,fold_3,acs_population_growth,0.022287685746849,0.13782097637773708,-0.003365521244620501,0.022287685746849
hist_gradient_boosting,fold_3,startup_rate,1.8401549072001158,0.2838085905134385,1.8401549072001158,11.338259999285112
hist_gradient_boosting,fold_3,startup_rate,3.3823720719132044,0.23794170117949984,1.8401549072001158,11.338259999285112
hist_gradient_boosting,fold_3,startup_rate,4.081332156574251,0.22907593523626218,1.8401549072001158,11.338259999285112
hist_gradient_boosting,fold_3,startup_rate,4.703737398392024,0.22577101726872378,1.8401549072001158,11.338259999285112
hist_gradient_boosting,fold_3,startup_rate,5.214699622628009,0.21634083719968425,1.8401549072001158,11.338259999285112
hist_gradient_boosting,fold_3,startup_rate,5.88235294117647,0.19299070548513333,1.8401549072001158,11.338259999285112
hist_gradient_boosting,fold_3,startup_rate,6.472419438576271,0.19035940645278737,1.8401549072001158,11.338259999285112
hist_gradient_boosting,fold_3,startup_rate,7.100726353435228,0.16998065860233497,1.8401549072001158,11.338259999285112
hist_gradient_boosting,fold_3,startup_rate,7.6923076923076925,0.16915406235122538,1.8401549072001158,11.338259999285112
hist_gradient_boosting,fold_3,startup_rate,8.50226574244185,0.16288426839317352,1.8401549072001158,11.338259999285112
hist_gradient_boosting,fold_3,startup_rate,9.54353348455361,0.1522343659053854,1.8401549072001158,11.338259999285112
hist_gradient_boosting,fold_3,startup_rate,11.338259999285112,0.16099955692272555,1.8401549072001158,11.338259999285112
hist_gradient_boosting,fold_3,startup_rate_lag1,1.7693556276960023,0.2141803768152081,1.7693556276960023,11.291159148708333
hist_gradient_boosting,fold_3,startup_rate_lag1,3.2958866228828207,0.20622753276180453,1.7693556276960023,11.291159148708333
hist_gradient_boosting,fold_3,startup_rate_lag1,4.056458726844123,0.20272601148511038,1.7693556276960023,11.291159148708333
hist_gradient_boosting,fold_3,startup_rate_lag1,4.707982193353305,0.20013199543243945,1.7693556276960023,11.291159148708333
hist_gradient_boosting,fold_3,startup_rate_lag1,5.263157894736842,0.19976912275330894,1.7693556276960023,11.291159148708333
hist_gradient_boosting,fold_3,startup_rate_lag1,5.840592074053107,0.1906648545434307,1.7693556276960023,11.291159148708333
hist_gradient_boosting,fold_3,startup_rate_lag1,6.385595630902264,0.18423663375241145,1.7693556276960023,11.291159148708333
hist_gradient_boosting,fold_3,startup_rate_lag1,6.9936519959618195,0.17913616864988643,1.7693556276960023,11.291159148708333
hist_gradient_boosting,fold_3,startup_rate_lag1,7.642138820950747,0.17626333397460175,1.7693556276960023,11.291159148708333
hist_gradient_boosting,fold_3,startup_rate_lag1,8.47457627118644,0.17331640680114102,1.7693556276960023,11.291159148708333
hist_gradient_boosting,fold_3,startup_rate_lag1,9.498708662893321,0.1817659885273196,1.7693556276960023,11.291159148708333
hist_gradient_boosting,fold_3,startup_rate_lag1,11.291159148708333,0.18533944968141974,1.7693556276960023,11.291159148708333
hist_gradient_boosting,fold_3,employment_growth,-0.0658887419398783,0.20448061120534197,-0.0658887419398783,0.09403999867414592
hist_gradient_boosting,fold_3,employment_growth,-0.028298075655684204,0.2083011029372956,-0.0658887419398783,0.09403999867414592
hist_gradient_boosting,fold_3,employment_growth,-0.01205118938762118,0.18333731849992005,-0.0658887419398783,0.09403999867414592
hist_gradient_boosting,fold_3,employment_growth,-0.0007626965071164457,0.18304810012727338,-0.0658887419398783,0.09403999867414592
hist_gradient_boosting,fold_3,employment_growth,0.0068256429949226675,0.18218660453575553,-0.0658887419398783,0.09403999867414592
hist_gradient_boosting,fold_3,employment_growth,0.012820717855305487,0.18210424644330586,-0.0658887419398783,0.09403999867414592
hist_gradient_boosting,fold_3,employment_growth,0.019595017458213106,0.1820514684495256,-0.0658887419398783,0.09403999867414592
hist_gradient_boosting,fold_3,employment_growth,0.02679790901448679,0.18214316675227074,-0.0658887419398783,0.09403999867414592
hist_gradient_boosting,fold_3,employment_growth,0.033448412426429174,0.18190873082077394,-0.0658887419398783,0.09403999867414592
hist_gradient_boosting,fold_3,employment_growth,0.04405949672356637,0.18408546272062576,-0.0658887419398783,0.09403999867414592
hist_gradient_boosting,fold_3,employment_growth,0.05964697003119434,0.18484875243696602,-0.0658887419398783,0.09403999867414592
hist_gradient_boosting,fold_3,employment_growth,0.09403999867414592,0.18632762830293692,-0.0658887419398783,0.09403999867414592
hist_gradient_boosting,fold_3,unemployment_rate,5.4,0.20158288105226518,5.4,13.9
hist_gradient_boosting,fold_3,unemployment_rate,6.4,0.19466443469671707,5.4,13.9
hist_gradient_boosting,fold_3,unemployment_rate,7.1,0.1837416367319683,5.4,13.9
hist_gradient_boosting,fold_3,unemployment_rate,7.6,0.1833880313726343,5.4,13.9
hist_gradient_boosting,fold_3,unemployment_rate,8.1,0.18363660344586305,5.4,13.9
hist_gradient_boosting,fold_3,unemployment_rate,8.6,0.18238312682301866,5.4,13.9
hist_gradient_boosting,fold_3,unemployment_rate,9.0,0.18283459317719938,5.4,13.9
hist_gradient_boosting,fold_3,unemployment_rate,9.6,0.18055479002439084,5.4,13.9
hist_gradient_boosting,fold_3,unemployment_rate,10.3,0.17961556265558387,5.4,13.9
hist_gradient_boosting,fold_3,unemployment_rate,11.0,0.17649190563087477,5.4,13.9
hist_gradient_boosting,fold_3,unemployment_rate,12.2,0.1773170767483442,5.4,13.9
hist_gradient_boosting,fold_3,unemployment_rate,13.9,0.16735542361927425,5.4,13.9
hist_gradient_boosting,fold_3,median_household_income,39558.0,0.20171087686690617,39558.0,69016.84999999995
hist_gradient_boosting,fold_3,median_household_income,42591.413636363635,0.19783435895525034,39558.0,69016.84999999995
hist_gradient_boosting,fold_3,median_household_income,44249.0,0.19125257156502148,39558.0,69016.84999999995
hist_gradient_boosting,fold_3,median_household_income,45875.02272727273,0.18904384851399555,39558.0,69016.84999999995
hist_gradient_boosting,fold_3,median_household_income,47711.895454545454,0.19044456535044577,39558.0,69016.84999999995
hist_gradient_boosting,fold_3,median_household_income,49255.53636363636,0.18588661701093698,39558.0,69016.84999999995
hist_gradient_boosting,fold_3,median_household_income,50332.781818181815,0.1852545521812272,39558.0,69016.84999999995
hist_gradient_boosting,fold_3,median_household_income,52232.73636363636,0.1857858532839999,39558.0,69016.84999999995
hist_gradient_boosting,fold_3,median_household_income,54165.0,0.1831383973619308,39558.0,69016.84999999995
hist_gradient_boosting,fold_3,median_household_income,57570.109090909034,0.1848672918303485,39558.0,69016.84999999995
hist_gradient_boosting,fold_3,median_household_income,60805.0,0.18634001715128748,39558.0,69016.84999999995
hist_gradient_boosting,fold_3,median_household_income,69016.84999999995,0.1872490950927508,39558.0,69016.84999999995
hist_gradient_boosting,fold_3,acs_population_growth,-0.003365521244620501,0.25927122763889804,-0.003365521244620501,0.022287685746849
hist_gradient_boosting,fold_3,acs_population_growth,4.783544606553456e-05,0.22016614983044655,-0.003365521244620501,0.022287685746849
hist_gradient_boosting,fold_3,acs_population_growth,0.0021988906590819637,0.21512704693006326,-0.003365521244620501,0.022287685746849
hist_gradient_boosting,fold_3,acs_population_growth,0.003775039195592576,0.2103040163172205,-0.003365521244620501,0.022287685746849
hist_gradient_boosting,fold_3,acs_population_growth,0.005307832064505696,0.20630680259594356,-0.003365521244620501,0.022287685746849
hist_gradient_boosting,fold_3,acs_population_growth,0.006757936562368277,0.20648403122938644,-0.003365521244620501,0.022287685746849
hist_gradient_boosting,fold_3,acs_population_growth,0.008440602069862824,0.19112962319054277,-0.003365521244620501,0.022287685746849
hist_gradient_boosting,fold_3,acs_population_growth,0.010054287919873445,0.15932094895087115,-0.003365521244620501,0.022287685746849
hist_gradient_boosting,fold_3,acs_population_growth,0.011902335629560183,0.15851739988968006,-0.003365521244620501,0.022287685746849
hist_gradient_boosting,fold_3,acs_population_growth,0.014401085175438911,0.13715967783585725,-0.003365521244620501,0.022287685746849
hist_gradient_boosting,fold_3,acs_population_growth,0.0171814224281478,0.13309672127430747,-0.003365521244620501,0.022287685746849
hist_gradient_boosting,fold_3,acs_population_growth,0.022287685746849,0.12692557410430833,-0.003365521244620501,0.022287685746849
