model,fold,split_role,train_n,validation_n,train_prevalence,validation_prevalence,pr_auc,roc_auc,brier_score,true_positive,false_positive,true_negative,false_negative,recall,precision,f1,balanced_accuracy,classification_threshold,threshold_policy,pooled_flag
baseline_0_prevalence,fold_1,validation,9436.0,3387,0.18493005510809665,0.20017714791851196,0.20017714791851196,0.5,0.16033873120889158,0,0,2709,678,0.0,0.0,0.0,0.5,0.5,0.50,False
baseline_0_prevalence,fold_1,validation,9436.0,3387,0.18493005510809665,0.20017714791851196,0.20017714791851196,0.5,0.16033873120889158,678,2709,0,0,1.0,0.20017714791851196,0.33357933579335797,0.5,0.18493005510809665,train_prevalence,False
baseline_1_simple,fold_1,validation,9436.0,3387,0.18493005510809665,0.20017714791851196,0.4032167539841718,0.7087448045464099,0.14428733901764887,51,34,2675,627,0.0752212389380531,0.6,0.13368283093053734,0.5313352411006249,0.5,0.50,False
baseline_1_simple,fold_1,validation,9436.0,3387,0.18493005510809665,0.20017714791851196,0.4032167539841718,0.7087448045464099,0.14428733901764887,422,904,1805,256,0.6224188790560472,0.31825037707390647,0.4211576846307385,0.6443582029093451,0.18493005510809665,train_prevalence,False
baseline_2_extended,fold_1,validation,9436.0,3387,0.18493005510809665,0.20017714791851196,0.4019363852136975,0.7099099363968678,0.14417385746670142,49,31,2678,629,0.07227138643067847,0.6125,0.12928759894459105,0.530414024702973,0.5,0.50,False
baseline_2_extended,fold_1,validation,9436.0,3387,0.18493005510809665,0.20017714791851196,0.4019363852136975,0.7099099363968678,0.14417385746670142,430,924,1785,248,0.6342182890855457,0.3175775480059084,0.42322834645669294,0.6465665088838581,0.18493005510809665,train_prevalence,False
baseline_0_prevalence,fold_2,validation,12823.0,3409,0.18583794743819698,0.21384570255206806,0.21384570255206806,0.5,0.16890015239859907,0,0,2680,729,0.0,0.0,0.0,0.5,0.5,0.50,False
baseline_0_prevalence,fold_2,validation,12823.0,3409,0.18583794743819698,0.21384570255206806,0.21384570255206806,0.5,0.16890015239859907,729,2680,0,0,1.0,0.21384570255206806,0.35234412759787337,0.5,0.18583794743819698,train_prevalence,False
baseline_1_simple,fold_2,validation,12823.0,3409,0.18583794743819698,0.21384570255206806,0.3867641080409627,0.6796352599144196,0.1557548236310118,45,23,2657,684,0.06172839506172839,0.6617647058823529,0.11292346298619824,0.5265731527547448,0.5,0.50,False
baseline_1_simple,fold_2,validation,12823.0,3409,0.18583794743819698,0.21384570255206806,0.3867641080409627,0.6796352599144196,0.1557548236310118,415,880,1800,314,0.5692729766803841,0.3204633204633205,0.41007905138339923,0.6204573838625802,0.18583794743819698,train_prevalence,False
baseline_2_extended,fold_2,validation,12823.0,3409,0.18583794743819698,0.21384570255206806,0.38510660908905303,0.681712835001945,0.15553295791228383,46,26,2654,683,0.06310013717421124,0.6388888888888888,0.11485642946317101,0.5266993223184488,0.5,0.50,False
baseline_2_extended,fold_2,validation,12823.0,3409,0.18583794743819698,0.21384570255206806,0.38510660908905303,0.681712835001945,0.15553295791228383,429,930,1750,300,0.588477366255144,0.31567328918322296,0.4109195402298851,0.6207312204410049,0.18583794743819698,train_prevalence,False
baseline_0_prevalence,fold_3,validation,16232.0,6837,0.18802365697387877,0.17566183998829896,0.17566183998829896,0.5,0.14495757247940919,0,0,5636,1201,0.0,0.0,0.0,0.5,0.5,0.50,False
baseline_0_prevalence,fold_3,validation,16232.0,6837,0.18802365697387877,0.17566183998829896,0.17566183998829896,0.5,0.14495757247940919,1201,5636,0,0,1.0,0.17566183998829896,0.29883055486439414,0.5,0.18802365697387877,train_prevalence,False
baseline_1_simple,fold_3,validation,16232.0,6837,0.18802365697387877,0.17566183998829896,0.34520122594554015,0.6976181724597849,0.13337722226829182,97,72,5564,1104,0.08076602830974189,0.5739644970414202,0.14160583941605842,0.5339955052833308,0.5,0.50,False
baseline_1_simple,fold_3,validation,16232.0,6837,0.18802365697387877,0.17566183998829896,0.34520122594554015,0.6976181724597849,0.13337722226829182,807,2242,3394,394,0.671940049958368,0.2646769432600853,0.37976470588235295,0.6370700959515048,0.18802365697387877,train_prevalence,False
baseline_2_extended,fold_3,validation,16232.0,6837,0.18802365697387877,0.17566183998829896,0.344212354581691,0.6966432633321298,0.1337386496963349,93,81,5555,1108,0.07743547044129892,0.5344827586206896,0.13527272727272727,0.5315317877401669,0.5,0.50,False
baseline_2_extended,fold_3,validation,16232.0,6837,0.18802365697387877,0.17566183998829896,0.344212354581691,0.6966432633321298,0.1337386496963349,816,2289,3347,385,0.6794338051623647,0.26280193236714977,0.37900603808639105,0.6366473497068034,0.18802365697387877,train_prevalence,False
baseline_0_prevalence,pooled_oof,pooled_oof,,13633,,0.19130052079512946,0.1832785953462764,0.47739656803416664,0.15476584942221522,0,0,11025,2608,0.0,0.0,0.0,0.5,0.5,0.50,True
baseline_0_prevalence,pooled_oof,pooled_oof,,13633,,0.19130052079512946,0.1832785953462764,0.47739656803416664,0.15476584942221522,2608,11025,0,0,1.0,0.19130052079512946,0.32116248999445846,0.5,0.1867085309321753,train_prevalence,True
baseline_1_simple,pooled_oof,pooled_oof,,13633,,0.19130052079512946,0.3673097574692976,0.6927486331956095,0.14168337707468692,193,129,10896,2415,0.07400306748466258,0.5993788819875776,0.13174061433447098,0.5311511936062769,0.5,0.50,True
baseline_1_simple,pooled_oof,pooled_oof,,13633,,0.19130052079512946,0.3673097574692976,0.6927486331956095,0.14168337707468692,1644,4026,6999,964,0.6303680981595092,0.28994708994708995,0.3971973906740759,0.6325990150661491,0.1867085309321753,train_prevalence,True
baseline_2_extended,pooled_oof,pooled_oof,,13633,,0.19130052079512946,0.3660484784659315,0.6933333333333334,0.1417809621313383,188,138,10887,2420,0.07208588957055215,0.5766871165644172,0.12815269256987047,0.5297844413839156,0.5,0.50,True
baseline_2_extended,pooled_oof,pooled_oof,,13633,,0.19130052079512946,0.3660484784659315,0.6933333333333334,0.1417809621313383,1675,4143,6882,933,0.6422546012269938,0.28789962186318324,0.3975789223830999,0.6332361441509119,0.1867085309321753,train_prevalence,True
