model,risk_cut,selected_n,observed_gap_prevalence,overall_prevalence,lift_ratio
baseline_0_prevalence,0.1,1364,0.17566183998829896,0.19130052079512946,0.9182507149388343
baseline_0_prevalence,0.2,2727,0.17566183998829896,0.19130052079512946,0.9182507149388343
baseline_0_prevalence,0.25,3409,0.17566183998829893,0.19130052079512946,0.9182507149388341
baseline_1_simple,0.1,1364,0.4303519061583578,0.19130052079512946,2.249611785527949
baseline_1_simple,0.2,2727,0.36633663366336633,0.19130052079512946,1.9149798031950434
baseline_1_simple,0.25,3409,0.3402757406864183,0.19130052079512946,1.7787496828136276
baseline_2_extended,0.1,1364,0.4244868035190616,0.19130052079512946,2.2189526811255242
baseline_2_extended,0.2,2727,0.36303630363036304,0.19130052079512946,1.897727732895989
baseline_2_extended,0.25,3409,0.34262246993253154,0.19130052079512946,1.7910169220054457
