fold,split_role,model_feature_complete,sector_code,n,mean_startup_rate,mean_employment_growth,mean_acs_population
fold_1,training,False,11,54,6.654103516217658,0.009699234906215324,1205373.5102040817
fold_1,training,False,21,97,2.8344335227005493,0.05134778452659002,693671.7415730337
fold_1,training,False,22,117,0.45726106799084076,0.026944950686316457,505436.7448979592
fold_1,training,False,23,371,6.5314679707811765,-0.011716158873934696,637084.7280966768
fold_1,training,False,31-33,302,4.115446516711973,0.012732929781247498,677093.2049469964
fold_1,training,False,42,206,4.4402033752390855,0.008638515800692663,696816.4540540541
fold_1,training,False,44-45,398,5.347212308155552,0.006020114894450427,673275.8389830509
fold_1,training,False,48-49,195,7.617258944044728,0.03350369442800139,642760.6457142857
fold_1,training,False,51,177,5.681058753970826,-0.008895649883948203,979101.7696969697
fold_1,training,False,52,284,5.108506341841632,-0.005003348528764986,769434.5263157894
fold_1,training,False,53,310,6.586633800889009,-0.0034230332955654387,719564.1538461539
fold_1,training,False,54,276,6.917569585613352,-0.0014161682703257776,590290.3941908714
fold_1,training,False,55,151,0.430715474565525,0.06843457858619789,751169.0697674418
fold_1,training,False,56,269,7.840528531756579,0.03355102623478146,615446.5443037974
fold_1,training,False,61,151,7.268489740313215,0.018108373708589077,1021175.8029197081
fold_1,training,False,62,257,5.426589545760977,0.02155978247420376,689557.6577777778
fold_1,training,False,71,226,8.455891096506958,0.0052157914349793,806184.8056872038
fold_1,training,False,72,322,9.148864365712807,0.025344647371964988,649721.3652482269
fold_1,training,False,81,356,5.106854518622773,-0.009959393445729516,680356.4444444445
fold_1,training,True,11,55,5.874706866768225,0.0024776608773098407,1583308.6
fold_1,training,True,21,133,4.670674840240671,0.048930939581658214,586405.9022556391
fold_1,training,True,22,146,0.47790947603342626,0.01995672406997741,481972.1095890411
fold_1,training,True,23,870,6.827888918190885,0.013113450916040334,659282.4528735632
fold_1,training,True,31-33,650,4.551346580719541,0.018157092632903042,774807.2092307692
fold_1,training,True,42,430,4.546313693665698,0.01858799696714621,694612.8325581396
fold_1,training,True,44-45,980,5.763509108015776,0.011590275018645022,687945.862244898
fold_1,training,True,48-49,396,9.061837743577053,0.037071556863528574,648148.7196969697
fold_1,training,True,51,278,6.956479213637312,-0.010762231528884803,1346542.320143885
fold_1,training,True,52,668,5.13598796143717,0.002318696886225724,844752.2335329341
fold_1,training,True,53,705,7.054450278911958,0.009947146164250584,772338.7843971631
fold_1,training,True,54,565,7.237882528095166,0.015015163622131684,624500.9734513274
fold_1,training,True,55,185,0.42207155994953527,0.033715420601809654,1022500.1675675676
fold_1,training,True,56,569,7.623271755748139,0.03549639059220316,689704.9050966608
fold_1,training,True,61,254,8.496885340260512,0.0320470302289624,1314970.6338582677
fold_1,training,True,62,567,5.256791932042192,0.029395864166239523,690474.7054673721
fold_1,training,True,71,442,8.567591335436079,0.01989849699526077,973649.814479638
fold_1,training,True,72,744,9.015669130591672,0.026927875892183956,656371.3897849462
fold_1,training,True,81,799,5.276968577254739,-0.010951233145069376,701732.3754693366
fold_1,validation,False,11,9,11.334027607612512,0.046199356559554684,345435.1111111111
fold_1,validation,False,21,8,2.7777777777777777,0.19662213431342965,338752.25
fold_1,validation,False,22,18,0.0,-0.006616398434344386,410060.0
fold_1,validation,False,23,3,5.438149598251489,-0.03256150506512301,453605.0
fold_1,validation,False,31-33,19,5.423261729369618,-0.014265976607739228,154165.05263157896
fold_1,validation,False,42,17,3.705884850160953,0.01455250221568436,338032.8823529412
fold_1,validation,False,44-45,1,5.0,0.009575104727707959,
fold_1,validation,False,48-49,18,8.110620871046827,0.0706725902031881,214908.4705882353
fold_1,validation,False,51,9,6.2122566483845985,-0.03308355376643949,299710.6666666667
fold_1,validation,False,52,16,5.017643282545493,-0.0072818414285420905,152845.13333333333
fold_1,validation,False,53,10,5.797945719685353,0.009297277054222858,131753.22222222222
fold_1,validation,False,54,12,6.539274880296919,0.07226885395306448,212751.66666666666
fold_1,validation,False,55,17,0.0,-0.013133751249092652,226576.41176470587
fold_1,validation,False,56,15,7.157575773130897,0.0764467529305161,722336.5333333333
fold_1,validation,False,61,11,9.365556773309764,0.004155221006308084,252470.63636363635
fold_1,validation,False,62,5,5.084067870154584,-0.03316749585406302,227396.75
fold_1,validation,False,71,8,10.131863701011174,0.03957748046405986,659796.5
fold_1,validation,False,72,5,8.538008481062558,0.04467194043741275,1154184.0
fold_1,validation,False,81,11,5.018661776037726,-0.03221679067694759,663874.7
fold_1,validation,True,11,20,8.270486865361395,-0.006873364372206774,2281888.15
fold_1,validation,True,21,45,3.9471781976349885,0.04419041085004031,732230.8222222222
fold_1,validation,True,22,60,0.3582516339869281,-0.02292388677457865,630298.4666666667
fold_1,validation,True,23,311,7.173445653196286,0.046279444531762096,622232.1125401929
fold_1,validation,True,31-33,236,4.648885136701527,0.02002282425287777,822408.033898305
fold_1,validation,True,42,144,4.3551209017178385,0.01767226098679502,788853.3958333334
fold_1,validation,True,44-45,348,5.745735417656527,0.015863033230441054,706522.367816092
fold_1,validation,True,48-49,142,8.621551080148489,0.03997397627176678,750124.3309859155
fold_1,validation,True,51,108,7.562509190506557,0.009229295697276403,1391878.9907407407
fold_1,validation,True,52,221,5.136594321175148,-0.00032807351221677856,933161.7737556561
fold_1,validation,True,53,254,7.606322457752814,0.02239004461395148,795395.8858267716
fold_1,validation,True,54,203,6.976811551253121,0.01892585044564393,645940.3448275862
fold_1,validation,True,55,78,0.4147780199089311,0.08836490923953373,1055388.8205128205
fold_1,validation,True,56,205,7.603582630221109,0.026513369704993957,706705.0390243903
fold_1,validation,True,61,91,8.076555617576489,0.028460582646322875,1419791.3956043955
fold_1,validation,True,62,207,5.230267722447568,0.01863102535476163,726408.2367149758
fold_1,validation,True,71,164,9.057357336236429,0.02873701415054892,1016253.9756097561
fold_1,validation,True,72,268,8.939784893943026,0.02616123602832253,685051.5149253731
fold_1,validation,True,81,282,5.1656831669718315,0.013728248400982131,736516.9290780142
fold_2,training,False,11,63,7.322664100702637,0.017591153101531944,1071934.7931034483
fold_2,training,False,21,105,2.8301168945159567,0.07053496280032356,664400.030927835
fold_2,training,False,22,135,0.396292925592062,0.020321000201975498,490636.9051724138
fold_2,training,False,23,374,6.522698037311686,-0.012052374135082896,635982.7477477477
fold_2,training,False,31-33,321,4.192856139891086,0.007033160654683633,644193.7516556291
fold_2,training,False,42,223,4.384223936107568,0.009977531592766254,666621.7970297029
fold_2,training,False,44-45,399,5.346342101869447,0.006072394156704214,673275.8389830509
fold_2,training,False,48-49,213,7.6589515012561735,0.0406211425551648,604877.9010416666
fold_2,training,False,51,186,5.706761877894074,-0.011314440272197333,943960.8505747126
fold_2,training,False,52,300,5.103660312012504,-0.005501768850591227,736520.5017793594
fold_2,training,False,53,320,6.561987298351395,-0.0019041902687250455,701630.9389830509
fold_2,training,False,54,288,6.901807306225168,0.001215439666223874,572383.418972332
fold_2,training,False,55,168,0.3871311705916326,0.056413982610470856,690086.3630136986
fold_2,training,False,56,284,7.804457083237618,0.03495744350349408,621809.0436507936
fold_2,training,False,61,162,7.410883180825326,0.015660452181873112,964042.3108108108
fold_2,training,False,62,262,5.420052872562382,0.020486698585414215,681484.9781659389
fold_2,training,False,71,234,8.513189305207957,0.007397485976508225,800837.2876712328
fold_2,training,False,72,327,9.139524061666169,0.025661488241890358,656776.7867132868
fold_2,training,False,81,367,5.104211139417227,-0.010665977484815804,679849.3138461538
fold_2,training,True,11,75,6.513581533059738,-1.5945855894589263e-05,1769596.48
fold_2,training,True,21,178,4.487768385649346,0.04773249130681099,623271.7528089888
fold_2,training,True,22,206,0.44305767737910645,0.007467225765737783,525173.9611650485
fold_2,training,True,23,1181,6.918886500398064,0.021847256178097463,649525.7586790855
fold_2,training,True,31-33,886,4.5773275053377676,0.018654059520390665,787486.4356659142
fold_2,training,True,42,574,4.498348951434877,0.01835826529263302,718255.0644599303
fold_2,training,True,44-45,1328,5.758851544578262,0.012709943586193982,692813.8019578314
fold_2,training,True,48-49,538,8.945628252486243,0.03783762295269182,675064.2156133829
fold_2,training,True,51,386,7.126042005092955,-0.00516874722726457,1359227.1917098446
fold_2,training,True,52,889,5.1361386987848565,0.0016607258422934484,866730.3082114735
fold_2,training,True,53,959,7.200618718354686,0.013242762646236016,778445.6704900939
fold_2,training,True,54,768,7.168875486039261,0.016048847769492346,630167.890625
fold_2,training,True,55,263,0.41990845681962224,0.049923253733910336,1032254.216730038
fold_2,training,True,56,774,7.61805693567961,0.033117166713807954,694207.5245478036
fold_2,training,True,61,345,8.386015761233713,0.031101039707164723,1342619.0086956522
fold_2,training,True,62,774,5.249698248080839,0.026516895646890786,700084.8359173127
fold_2,training,True,71,606,8.700135269646076,0.022290438931675385,985179.6534653465
fold_2,training,True,72,1012,8.995573305076023,0.026724852687129742,663966.5217391305
fold_2,training,True,81,1081,5.247937600659198,-0.0045131075243602875,710806.6068455135
fold_2,validation,False,11,7,6.086841862703932,-0.0036581994908985657,509203.5
fold_2,validation,False,21,9,0.535475234270415,0.043045189057293966,254666.11111111112
fold_2,validation,False,22,13,0.0,0.019827372032296033,197034.25
fold_2,validation,False,23,4,5.826195873787909,0.15482423335826478,1087326.3333333333
fold_2,validation,False,31-33,12,4.825127846543213,0.010571240660152227,213877.16666666666
fold_2,validation,False,42,15,3.3293600377079544,0.027070841408502758,295365.3333333333
fold_2,validation,False,48-49,17,8.14502345431392,-0.017908997749144687,218508.875
fold_2,validation,False,51,10,3.762181557421593,-0.06127352247907199,203841.0
fold_2,validation,False,52,13,4.597415398930631,0.026264992334507666,696340.6666666666
fold_2,validation,False,53,7,5.982279726565371,-0.022892947022333753,944933.4285714285
fold_2,validation,False,54,4,5.127343831795917,,263169.25
fold_2,validation,False,55,12,1.1904761904761905,0.023643663350600846,387944.6666666667
fold_2,validation,False,56,12,7.1103691580448825,0.02048878468305265,609859.5833333334
fold_2,validation,False,61,9,7.670448032236651,0.06080614962224269,161014.375
fold_2,validation,False,62,6,4.383757157891135,0.040056901010605876,150437.4
fold_2,validation,False,71,22,9.832463737709228,0.04767973311957897,316714.63636363635
fold_2,validation,False,72,4,8.200063423523153,-0.017817371937639197,1046421.0
fold_2,validation,False,81,6,4.967734098723578,-0.0740072202166065,729569.4
fold_2,validation,True,11,29,9.352513848226089,0.050677568986002015,1926674.3793103448
fold_2,validation,True,21,46,4.7870875420379635,-0.05375109827443079,825628.3695652174
fold_2,validation,True,22,57,0.5400361512017657,0.00953320128437476,789069.5263157894
fold_2,validation,True,23,311,7.614493765697443,0.047593629674618644,616372.9099678457
fold_2,validation,True,31-33,230,4.758377813382635,0.01437707034396815,829597.1565217391
fold_2,validation,True,42,144,4.1757127413832125,0.015337467188181325,798787.5
fold_2,validation,True,44-45,345,5.790148021987791,0.019155811790615963,712191.6869565217
fold_2,validation,True,48-49,149,9.170054446059867,0.04650127241896886,717211.0805369128
fold_2,validation,True,51,104,7.951013620253433,-0.0029872094519252444,1470942.5288461538
fold_2,validation,True,52,224,5.141045591908914,0.008726608565119543,932557.8258928572
fold_2,validation,True,53,247,7.790759458636785,0.02366175093477492,833217.5546558704
fold_2,validation,True,54,212,6.992552972968684,0.018210562313314197,640604.2358490566
fold_2,validation,True,55,74,0.37094646234380035,0.04528116921192029,763265.7027027027
fold_2,validation,True,56,215,7.732077647818781,0.00984950810976351,679767.2837209302
fold_2,validation,True,61,99,8.336449770308688,0.004335304540025625,1333497.808080808
fold_2,validation,True,62,206,5.185559562884818,0.019898211774874924,732910.1116504854
fold_2,validation,True,71,161,9.257914709467778,0.03312804516468814,1064189.4906832299
fold_2,validation,True,72,268,8.67212046606621,0.027580882658297067,701614.5746268657
fold_2,validation,True,81,288,5.518565537620287,0.015640842637761696,738505.1805555555
fold_3,training,False,11,70,7.199081876902767,0.014626127158402105,1019178.734375
fold_3,training,False,21,114,2.648960973970256,0.06732782253030344,629611.3018867924
fold_3,training,False,22,148,0.3614834118576241,0.020258587444889592,463111.65625
fold_3,training,False,23,378,6.515327644046885,-0.009403539095505948,640012.6011904762
fold_3,training,False,31-33,333,4.2156407058965675,0.007418496100823777,627748.5318471338
fold_3,training,False,42,238,4.31774091730087,0.012219277142371041,640958.9078341014
fold_3,training,False,44-45,399,5.346342101869447,0.006072394156704214,673275.8389830509
fold_3,training,False,48-49,230,7.694878558656094,0.030352696887742083,575157.2067307692
fold_3,training,False,51,196,5.607548596237314,-0.017559325548056663,903736.945652174
fold_3,training,False,52,313,5.082634165462778,-0.0008426438767767234,734874.9112627986
fold_3,training,False,53,327,6.549577656141908,-0.002803708415308276,707270.4006622516
fold_3,training,False,54,292,6.877499587397369,0.001215439666223874,567570.747081712
fold_3,training,False,55,180,0.4406875052506031,0.05329299982381657,667138.8924050633
fold_3,training,False,56,296,7.7763183835676415,0.03427922512128588,621265.8863636364
fold_3,training,False,61,171,7.424544488794343,0.021216845712995522,922861.391025641
fold_3,training,False,62,268,5.396852222233921,0.021573932053480415,670137.8076923077
fold_3,training,False,71,256,8.626564451751035,0.016731177387707543,756643.5186721992
fold_3,training,False,72,331,9.128171063017914,0.02496021630351085,660821.5363321799
fold_3,training,False,81,373,5.102015798280064,-0.011655684402500035,680602.6484848484
fold_3,training,True,11,104,7.305206890173432,0.014119745782711192,1813397.048076923
fold_3,training,True,21,224,4.549235712407723,0.026892111303520264,664827.1294642857
fold_3,training,True,22,263,0.4640758256980858,0.007914984718446176,582368.0570342205
fold_3,training,True,23,1492,7.063882384786876,0.02721396003695677,642615.2117962467
fold_3,training,True,31-33,1116,4.614640740866727,0.017772601177579575,796165.1684587813
fold_3,training,True,42,718,4.433641967803345,0.017752422775862763,734406.4164345404
fold_3,training,True,44-45,1673,5.765305390786444,0.014039187178857212,696809.8392109982
fold_3,training,True,48-49,687,8.994302929112838,0.03971663863023953,684205.2387190685
fold_3,training,True,51,490,7.301138021371915,-0.00470572696474357,1382938.2020408164
fold_3,training,True,52,1113,5.137126249602277,0.0030827902896546754,879978.6136567835
fold_3,training,True,53,1206,7.321485022541817,0.015376668207819025,789663.4610281924
fold_3,training,True,54,980,7.130732248517871,0.016516483976931357,632425.5489795918
fold_3,training,True,55,337,0.40915715832938243,0.048903923601485225,973188.4896142433
fold_3,training,True,56,989,7.642844047014212,0.028058980060754815,691068.3417593528
fold_3,training,True,61,444,8.37496388487881,0.025133004163140463,1340585.2274774774
fold_3,training,True,62,980,5.236216034662084,0.025125621281956837,706984.8428571429
fold_3,training,True,71,767,8.8172180464535,0.024565347150078323,1001764.5084745763
fold_3,training,True,72,1280,8.927850366908341,0.026904083962342902,671849.0828125
fold_3,training,True,81,1369,5.3048702857174845,-0.00027326994460051383,716633.6260043827
fold_3,validation,False,11,14,8.790824021916459,-0.05348924940944426,382540.35714285716
fold_3,validation,False,21,20,1.3322290679718882,-0.0941802666167286,414806.7
fold_3,validation,False,22,20,0.6907378335949764,-0.025993086822534105,697503.1
fold_3,validation,False,23,15,7.2872406098134075,0.11807609686017873,165461.9090909091
fold_3,validation,False,31-33,25,5.269808044343787,0.000527743814121057,221332.52380952382
fold_3,validation,False,42,25,4.6882708146923715,0.001268050675281009,274155.7916666667
fold_3,validation,False,44-45,7,5.534530934184464,0.0054168132945347355,192990.33333333334
fold_3,validation,False,48-49,21,8.760516949209249,-0.0053626348364323815,501730.44444444444
fold_3,validation,False,51,29,6.381650074623477,-0.060822061787239236,387073.5714285714
fold_3,validation,False,52,27,4.510636839559254,0.006185065149595401,253008.78260869565
fold_3,validation,False,53,27,7.216685461608923,0.023549915804176803,306730.76
fold_3,validation,False,54,18,7.092444282333389,0.029131141734983677,703915.7647058824
fold_3,validation,False,55,24,0.05920663114268798,0.011202807851651553,447333.0869565217
fold_3,validation,False,56,21,7.812210328353478,-0.004727373563630416,824188.5882352941
fold_3,validation,False,61,28,7.653744539527881,0.024241759262325094,479560.92307692306
fold_3,validation,False,62,15,6.601871703742232,0.024628506564181116,1816090.6363636365
fold_3,validation,False,71,26,11.271885335475599,0.07193002721897508,176901.20833333334
fold_3,validation,False,72,8,8.991450788391251,0.018191387659934586,158605.16666666666
fold_3,validation,False,81,16,5.836562071921949,0.02524910572387621,528978.0
fold_3,validation,True,11,46,8.643372789157821,0.01964622318715138,1958490.9347826086
fold_3,validation,True,21,80,2.215391610514179,-0.03321578144134743,507179.55
fold_3,validation,True,22,124,0.5350497409385258,0.011525548618058918,626664.1532258064
fold_3,validation,True,23,624,8.116619538987134,0.03449341330203456,665968.6907051282
fold_3,validation,True,31-33,479,4.770282300226507,0.00680596768915509,817690.3006263048
fold_3,validation,True,42,282,4.234940818685133,0.008316756500722455,805405.464539007
fold_3,validation,True,44-45,693,5.766382740698112,0.004520018605990491,721500.126984127
fold_3,validation,True,48-49,314,9.102330323408923,0.025211194319661658,698768.9267515923
fold_3,validation,True,51,208,7.8222138978714675,-0.008037262968953317,1429920.6153846155
fold_3,validation,True,52,444,5.1379333230013415,0.006896679556407727,977457.3873873873
fold_3,validation,True,53,500,8.468804054697504,0.01570844025672081,842328.32
fold_3,validation,True,54,397,7.166245273354506,0.014030916243324984,657952.3375314862
fold_3,validation,True,55,152,0.3055917556701203,0.03435944210331387,738421.6907894737
fold_3,validation,True,56,439,8.228131836443119,0.017697156154969664,648357.4806378132
fold_3,validation,True,61,199,8.676064589614679,0.038033519319793894,1378512.9798994975
fold_3,validation,True,62,419,5.469720324360779,0.023090233510294305,744315.8329355608
fold_3,validation,True,71,327,9.918996221286648,0.03170910797310477,1078000.9571865443
fold_3,validation,True,72,538,8.784787930440443,0.021828093938244385,718254.3996282528
fold_3,validation,True,81,572,5.670435813463037,0.00968875555223242,757462.2867132868
