model,fold,pr_auc,roc_auc,brier_score
baseline_2_no_startup_lag1,fold_1,0.38453754267856227,0.6993916269487375,0.14608746606045614
baseline_2_no_employment_growth,fold_1,0.40137023046685194,0.7098222792810156,0.14421319294116575
baseline_1_no_sector,fold_1,0.23510990596804776,0.5683115715015283,0.15943207564310127
baseline_1_no_time,fold_1,0.4032328204824105,0.7087480712712242,0.14431794930303055
baseline_2_no_startup_lag1,fold_2,0.38093273732605337,0.6701666564297852,0.156594089768526
baseline_2_no_employment_growth,fold_2,0.3836290069968875,0.681497348647708,0.15561110291600427
baseline_1_no_sector,fold_2,0.25468166403648185,0.569215906066376,0.16807184022537466
baseline_1_no_time,fold_2,0.38675845226609484,0.679628605941486,0.15581017843877026
baseline_2_no_startup_lag1,fold_3,0.32917628027188767,0.6860480886226229,0.13536828141658602
baseline_2_no_employment_growth,fold_3,0.345350960734301,0.6960793554460472,0.1336383536016657
baseline_1_no_sector,fold_3,0.20706615822975938,0.5679031815809986,0.14445343384203804
baseline_1_no_time,fold_3,0.34416778875600385,0.697377953905221,0.13289922948322688
