model,term,folds_observed,mean_coefficient,coefficient_sd,minimum,maximum,sign_consistency
A,C(sector_code)[T.21],3,-1.6125058801000736,0.23954877543275552,-1.8872034133779723,-1.4470579191735464,1.0
A,C(sector_code)[T.22],3,-3.30833824719045,0.1714586071654669,-3.4989299021616374,-3.166629385300394,1.0
A,C(sector_code)[T.23],3,0.467360991960643,0.14298678289870412,0.3307122660354395,0.61593848172205,1.0
A,C(sector_code)[T.31-33],3,-1.0555145046945305,0.19006347553580202,-1.2678301799980833,-0.9012353074604891,1.0
A,C(sector_code)[T.42],3,-1.3101085143452644,0.18781591342992718,-1.5239350340197597,-1.1718347387208456,1.0
A,C(sector_code)[T.44-45],3,-0.43427105972804375,0.20181195204145425,-0.6648272671472378,-0.28965117007858965,1.0
A,C(sector_code)[T.48-49],3,1.2616617091771947,0.1888619299876225,1.0457235150562874,1.3960287387040475,1.0
A,C(sector_code)[T.51],3,-0.008800096933911261,0.16069496567283884,-0.18396797620236935,0.13179358281511194,0.6666666666666666
A,C(sector_code)[T.52],3,-0.8618756450643025,0.17784401687855528,-1.0638019726010866,-0.728542541148755,1.0
A,C(sector_code)[T.53],3,0.6010743936871851,0.14472008614136248,0.4611534883887375,0.7501582216948358,1.0
A,C(sector_code)[T.54],3,0.2320759565114173,0.1933047522952034,0.00942847171562363,0.3571037273495239,1.0
A,C(sector_code)[T.55],3,-3.4122900307256963,0.1741405641116913,-3.6043045523171497,-3.264584088199755,1.0
A,C(sector_code)[T.56],3,0.622761128191435,0.16399485844511633,0.4383095548022071,0.7521019576869463,1.0
A,C(sector_code)[T.61],3,0.6583965423988488,0.2357450553686393,0.40154909254213816,0.8649084979214567,1.0
A,C(sector_code)[T.62],3,-0.7874615141551896,0.17472869041598296,-0.9792467553389028,-0.6373108876788265,1.0
A,C(sector_code)[T.71],3,1.2945087542793532,0.1752568696065777,1.1033558698274244,1.4476212844725898,1.0
A,C(sector_code)[T.72],3,1.13028092556221,0.20328363875867858,0.8956389678997679,1.2532234313409363,1.0
A,C(sector_code)[T.81],3,-0.6020886041374144,0.1782447149813043,-0.8034322405096258,-0.46444742717843507,1.0
A,C(year)[T.2012],3,0.046721481631027545,0.0008034433604592959,0.04601399873531295,0.04759495589261666,1.0
A,C(year)[T.2013],3,-0.2787656743261682,0.0032898025070808913,-0.2821746946714586,-0.2756097042850999,1.0
A,C(year)[T.2014],3,-0.12831290205801868,0.003982072857740991,-0.13107019544423915,-0.12374757933319668,1.0
A,C(year)[T.2015],3,0.008956055670996194,0.007276825449808003,0.004188083451026746,0.017331871160158295,1.0
A,C(year)[T.2016],3,0.135899033287574,0.011255813792752523,0.12928451241846542,0.14889543348741258,1.0
A,C(year)[T.2017],2,0.045417017879694134,0.018534820323243852,0.03231092074105417,0.0585231150183341,1.0
A,C(year)[T.2018],1,0.03698286003214908,,0.03698286003214908,0.03698286003214908,1.0
A,Intercept,3,2.8987455225062213,0.050138057103752125,2.859590358688594,2.9552551992642333,1.0
A,acs_population_growth,3,1.754217583687469,0.24935942920590295,1.5157757580583568,2.0132213523066116,1.0
A,educational_attainment_pct,3,0.028858560030593474,0.0024381875954343,0.02683624889452852,0.031566020996318375,1.0
A,employment_growth,3,2.2125376084446136,0.0790989122651847,2.1251777744396354,2.27930068973414,1.0
A,labor_force_participation_pct,3,-0.027630670909117094,0.0027132415655433543,-0.02930036497048081,-0.02450000787991157,1.0
A,median_household_income,3,2.034735892519135e-05,6.351460905620771e-07,1.9669812813773106e-05,2.09292554197804e-05,1.0
A,startup_rate_lag1,3,0.46667352105190724,0.002969989261621928,0.4632656744657592,0.46871026929613285,1.0
A,unemployment_rate,3,0.06549055129362959,0.0017785009119972676,0.06367301423622666,0.06722725990331545,1.0
B,C(sector_code)[T.21],3,-1.63926978367852,0.2248001526433328,-1.897469220810356,-1.4870422328089055,1.0
B,C(sector_code)[T.22],3,-3.3373760117462123,0.15945973363690455,-3.512550223259997,-3.200667593232581,1.0
B,C(sector_code)[T.23],3,0.4075309246211993,0.14148985355932245,0.27269644517579245,0.5548488904028888,1.0
B,C(sector_code)[T.31-33],3,-1.1177861250459484,0.17210455832525715,-1.3047158976714823,-0.9659010018630998,1.0
B,C(sector_code)[T.42],3,-1.3185501222594094,0.18053127764461924,-1.5237164861474912,-1.1840042346303674,1.0
B,C(sector_code)[T.44-45],3,-0.5742848089897087,0.17664100366316016,-0.7708641073565778,-0.4288838154684116,1.0
B,C(sector_code)[T.48-49],3,1.040333299149955,0.17918550319053106,0.8342700620245034,1.1595173566207433,1.0
B,C(sector_code)[T.51],3,0.031559873612365535,0.15284311186168015,-0.12981469272891832,0.17413175783354348,0.6666666666666666
B,C(sector_code)[T.52],3,-0.8882690856671186,0.1650417144576116,-1.0739379629061576,-0.7582315755385984,1.0
B,C(sector_code)[T.53],3,0.5695118543608211,0.13644332913398874,0.44777571417018336,0.7169941045525885,1.0
B,C(sector_code)[T.54],3,0.22099138387394598,0.17811561167043752,0.016359354818472133,0.34118113987385046,1.0
B,C(sector_code)[T.55],3,-3.383583991592831,0.16081739058337566,-3.5575740765484962,-3.240394457686689,1.0
B,C(sector_code)[T.56],3,0.6573718555656846,0.15090573504766464,0.49082381558368204,0.7850176419615849,1.0
B,C(sector_code)[T.61],3,0.6338348802949423,0.20272028829826982,0.42759108643196,0.8328376324973705,1.0
B,C(sector_code)[T.62],3,-0.7701593636214054,0.17129482381247557,-0.9574321131455771,-0.6213994491581204,1.0
B,C(sector_code)[T.71],3,1.3390635521699028,0.15435361352889285,1.1732146898131592,1.4785181005483765,1.0
B,C(sector_code)[T.72],3,0.8424368472957612,0.1922732312338291,0.6206314438772426,0.9617519036016066,1.0
B,C(sector_code)[T.81],3,-0.6230280728727867,0.1659820441047326,-0.8086486614365237,-0.48888030417454503,1.0
B,C(year)[T.2012],3,0.03752863743104929,0.0023650231979423543,0.03483538139757358,0.039266562879947745,1.0
B,C(year)[T.2013],3,-0.28902512892904936,0.006072298500915711,-0.29557731276488836,-0.28358698374623303,1.0
B,C(year)[T.2014],3,-0.14799003896861343,0.0018601140914022026,-0.14984080254499324,-0.14612071328839796,1.0
B,C(year)[T.2015],3,-0.016925014907982424,0.0031904830161842484,-0.020316462357919125,-0.013983199283394096,1.0
B,C(year)[T.2016],3,0.13198765506765606,0.008618682001244153,0.12488219652999652,0.141574953390343,1.0
B,C(year)[T.2017],2,0.05485976564053369,0.016819436115180178,0.04296662830775587,0.06675290297331152,1.0
B,C(year)[T.2018],1,0.04059971865055507,,0.04059971865055507,0.04059971865055507,1.0
B,Intercept,3,2.9451026794811277,0.04440407704272667,2.914160687112544,2.9959808343937517,1.0
B,acs_population_growth,3,1.7180747437735853,0.23964438706837404,1.488009722128024,1.9662687978992175,1.0
B,educational_attainment_pct,3,0.028187213402255187,0.0023548781448956653,0.026332060871902818,0.030836491701510624,1.0
B,employment_growth,3,1.4652587484581003,1.1807851750131948,0.531474168426149,2.792551176841019,1.0
B,employment_growth:C(sector_code)[T.21],3,0.545539924443958,1.152686050512746,-0.7144830250557407,1.546956509682655,0.6666666666666666
B,employment_growth:C(sector_code)[T.22],3,-1.2557669388165718,1.176241543047236,-2.5793470321085508,-0.3300716628342921,1.0
B,employment_growth:C(sector_code)[T.23],3,2.4203925678560094,0.7346518358545763,1.5745866302682192,2.8996209916452136,1.0
B,employment_growth:C(sector_code)[T.31-33],3,3.3344357769830615,1.7448574711849412,1.4224679778825948,4.840703190871219,1.0
B,employment_growth:C(sector_code)[T.42],3,-0.5870660470565551,0.55587121684406,-1.2212599677004214,-0.1842873326707194,1.0
B,employment_growth:C(sector_code)[T.44-45],3,11.37601151980977,0.8214274372982903,10.49425337311122,12.119578489835623,1.0
B,employment_growth:C(sector_code)[T.48-49],3,7.1815486908442665,1.1640206232748442,5.885062095734292,8.13685206873251,1.0
B,employment_growth:C(sector_code)[T.51],3,5.338680270085885,1.5826910919333776,3.511671625326888,6.2901405072506185,1.0
B,employment_growth:C(sector_code)[T.52],3,2.1331385313279125,1.099374664908591,0.9459950559617061,3.1161231996058536,1.0
B,employment_growth:C(sector_code)[T.53],3,2.2028442446850236,1.2472598450062775,0.8251022868727362,3.255071032995334,1.0
B,employment_growth:C(sector_code)[T.54],3,0.8058800795032498,1.1920123550614106,-0.554731426597953,1.6663127370345898,0.6666666666666666
B,employment_growth:C(sector_code)[T.55],3,-1.1589190121350061,1.2138162491915923,-2.5225510177499433,-0.19651309192407299,1.0
B,employment_growth:C(sector_code)[T.56],3,-0.9415335833243855,1.2275720844257216,-2.3013555470358678,0.08492666301938866,0.6666666666666666
B,employment_growth:C(sector_code)[T.61],3,1.6447304530148579,2.343171796273994,-0.9219594206978546,3.669379231753449,0.6666666666666666
B,employment_growth:C(sector_code)[T.62],3,-0.7137604682263009,0.7231215280893442,-1.5377392440954734,-0.1847284509888701,1.0
B,employment_growth:C(sector_code)[T.71],3,-0.8739845690652102,1.4088417608995445,-2.5006120077403753,-0.04073372189202105,1.0
B,employment_growth:C(sector_code)[T.72],3,12.065132697875383,0.5299077029473934,11.480836717935002,12.514604651411572,1.0
B,employment_growth:C(sector_code)[T.81],3,0.9256394706351188,0.8889051746840599,-0.09707615705787515,1.5124424184167697,0.6666666666666666
B,labor_force_participation_pct,3,-0.026608105874772015,0.0026468879678913163,-0.028341144822075334,-0.023561346065763912,1.0
B,median_household_income,3,1.9949579167783483e-05,7.339071204526299e-07,1.915014411251245e-05,2.0592807179287604e-05,1.0
B,startup_rate_lag1,3,0.46113036615514275,0.002915480432108493,0.4577744812308288,0.46303972475995,1.0
B,unemployment_rate,3,0.06388387491837197,0.0016761521227461006,0.061998682199261024,0.06520597390959759,1.0
C,C(sector_code)[T.21],3,-0.8608743880862524,0.09857857016174629,-0.9746946713824447,-0.802763485048358,1.0
C,C(sector_code)[T.22],3,-1.420473618708875,0.0902248969846514,-1.5235725227176513,-1.3559436416753206,1.0
C,C(sector_code)[T.23],3,1.65058909353377,0.08023513618606985,1.573422408782962,1.733575748310663,1.0
C,C(sector_code)[T.31-33],3,0.37119040976812995,0.11371866065331804,0.24101660355389684,0.45121113062420054,1.0
C,C(sector_code)[T.42],3,0.1525338118736873,0.10969526065210246,0.026485623900030564,0.22637182933680153,1.0
C,C(sector_code)[T.44-45],3,0.9056043930230083,0.13027935181524658,0.7551892462702495,0.9828545701079653,1.0
C,C(sector_code)[T.48-49],3,2.125835078005886,0.12884390433249232,1.9884251095468795,2.243932643760468,1.0
C,C(sector_code)[T.51],3,1.0236542725318865,0.08204362909616286,0.9381025294197973,1.1016697739544759,1.0
C,C(sector_code)[T.52],3,0.5366552339947409,0.1002605614540655,0.42099773897120074,0.5989211052082214,1.0
C,C(sector_code)[T.53],3,1.7368214195352814,0.08503440558458848,1.6584538415764314,1.827237446185649,1.0
C,C(sector_code)[T.54],3,1.3971059154386005,0.12252320566811456,1.2561209342346102,1.4778141895824484,1.0
C,C(sector_code)[T.55],3,-1.465600567718819,0.08877907435627914,-1.56581791864285,-1.396808049667952,1.0
C,C(sector_code)[T.56],3,1.6946661510595717,0.10266924660223589,1.5764326227999104,1.7613061322090413,1.0
C,C(sector_code)[T.61],3,1.5202561258644354,0.14360399617030192,1.356197534489998,1.6231586499377137,1.0
C,C(sector_code)[T.62],3,0.5764286455526609,0.09945601183756081,0.46593137636491755,0.6587745755313414,1.0
C,C(sector_code)[T.71],3,2.256878217020914,0.12335179158051109,2.11892176801691,2.3565432158691397,1.0
C,C(sector_code)[T.72],3,2.1302744460888268,0.13303584283041558,1.9777318213263653,2.222249140288417,1.0
C,C(sector_code)[T.81],3,0.7618024173385608,0.10441899136597316,0.6415546481350972,0.8295866713230383,1.0
C,C(year)[T.2012],3,-0.007736731621712033,0.00030609554752639905,-0.007999375241457798,-0.007400572727866014,1.0
C,C(year)[T.2013],3,-0.2817324427861054,0.003156733210984687,-0.2847722470907162,-0.2784705139670736,1.0
C,C(year)[T.2014],3,-0.12632131889190648,0.003640498647466017,-0.12887773374143713,-0.12215316549186302,1.0
C,C(year)[T.2015],3,-0.03447725207323455,0.0050619208147452445,-0.037468135381686286,-0.02863278695262341,1.0
C,C(year)[T.2016],3,0.14459911216988672,0.008506393646280586,0.13878096877510013,0.15436169672155836,1.0
C,C(year)[T.2017],2,0.03130910156632352,0.012013111628759399,0.022814548870476785,0.039803654262170265,1.0
C,C(year)[T.2018],1,0.017117617553358173,,0.017117617553358173,0.017117617553358173,1.0
C,Intercept,3,0.7302169591680928,0.04898835101065933,0.6777745683900054,0.7748013043918556,1.0
C,acs_population_growth,3,1.442501578575938,0.33552135031478925,1.13583161368156,1.8008724749280336,1.0
C,educational_attainment_pct,3,0.025908302478197847,0.0019337553074473956,0.024044638730846807,0.027905252968126074,1.0
C,employment_growth,3,1.6465633963841986,0.11517557015707627,1.523237294947329,1.7513358021116663,1.0
C,labor_force_participation_pct,3,-0.020125169841412764,0.001890708095194693,-0.02160523622327367,-0.01799523387323542,1.0
C,median_household_income,3,1.651971505992447e-05,6.893006291163512e-07,1.572927469736173e-05,1.6995795504771843e-05,1.0
C,startup_rate_lag1,3,0.5809307317860847,0.003331519684276764,0.5777642829896653,0.5844058401451822,1.0
C,unemployment_rate,3,0.06543399765945764,0.00040570798042278847,0.06497171881321256,0.065730884071975,1.0
