model,group_value,n,mean_residual,median_residual,residual_sd,mae,rmse
A,2017,3599,-0.07225165832782116,-0.1838585769142096,2.0331567813209532,1.4811881634493933,2.0341578658386115
A,2018,3591,-0.008946112009084514,-0.10974724346365061,2.2247352143361803,1.5628609084943934,2.2244434168508973
A,2019,3611,0.07623853117373137,-0.04781567705994938,2.272198913982679,1.5156508025391822,2.2731630939161374
A,2020,3612,0.18686654321574553,0.07254102862839806,2.283222594457607,1.56177704917163,2.2905416928950406
B,2017,3599,-0.05604719733520926,-0.17798733524482113,2.0221706808895044,1.4702952561172846,2.0226663970186136
B,2018,3591,-0.014348025238745675,-0.1056106717099734,2.216676310195965,1.5532652114066354,2.2164140870670863
B,2019,3611,0.08564034011242275,-0.04672898506731604,2.2620232843289934,1.50821301824147,2.263330867798753
B,2020,3612,0.42472729334153325,0.2817180675707922,2.3472365265876136,1.6588819160690076,2.3850340139888635
C,2017,3599,-0.04684425146380717,-0.17776848883691856,2.0271219627876023,1.443473540122565,2.0273815792283347
C,2018,3591,0.04941350402410667,-0.051830930061964486,2.237617839075093,1.5322869439482454,2.2378518689779896
C,2019,3611,0.14114398991344299,0.02820470929160307,2.287750196189165,1.4826462543762138,2.2917838425971326
C,2020,3612,0.20791118886836293,0.10416268166741371,2.303891837887172,1.5283891685806574,2.31293647556402
