fold,model,estimator,training_complete_case_n,validation_complete_case_n,training_start_year,training_end_year,validation_target_years,train_mae,train_rmse,train_r_squared,train_mean_residual,train_median_residual,train_residual_sd,train_residual_p05,train_residual_p95,train_expected_below_zero_n,validation_mae,validation_rmse,validation_r_squared,validation_mean_residual,validation_median_residual,validation_residual_sd,validation_residual_p05,validation_residual_p95,validation_expected_below_zero_n,train_n,validation_n,validation_unseen_msa_n,evaluation_scope,excluded_years_from_fit,training_years
fold_1,A_without_lag1,ols,24150.0,3764.0,2010.0,2016.0,2017,1.9704973407859268,2.9489515864795823,0.3566942785409021,-6.992620827898183e-12,-0.21688253591287143,2.9490126432740333,-4.145448822444493,4.39398732000191,401.0,1.895333282047656,2.6255373094320076,0.43325332570005803,0.04849784167271458,-0.18526559294025957,2.625438134720775,-3.681923051334117,4.285509609934928,36.0,24150.0,3764.0,,,,
fold_1,A_lag2,ols,18785.0,3590.0,2010.0,2016.0,2017,1.5753326927939604,2.37677348443999,0.5102033212763033,-5.0735079840634124e-11,-0.10601279570860478,2.376836749502073,-3.3117937836918916,3.427103259030538,261.0,1.5515195163530842,2.22387604193936,0.5515953829002095,-0.03014437443159567,-0.1716711762740002,2.223981499154638,-3.0389427460733387,3.4269592221520297,22.0,18785.0,3590.0,,,,
fold_1,A_lag3,ols,15159.0,3764.0,2010.0,2016.0,2017,1.5790383398800627,2.3940861760682406,0.5036953543074218,-2.831329483009372e-11,-0.1139875739894336,2.394165145810022,-3.347089261477715,3.4718894836090355,225.0,1.6100503094185241,2.3739384166283557,0.5335965690216924,-0.006173754828917966,-0.11538258734293949,2.3742457983695493,-3.31247211753861,3.618585531919979,33.0,15159.0,3764.0,,,,
fold_1,A_establishment_growth,ols,22450.0,3599.0,2010.0,2016.0,2017,1.549574802751897,2.362544540751695,0.520272183721459,6.1532633776702855e-12,-0.09637904971304101,2.3625971604280998,-3.2203587527662347,3.410926642743623,327.0,1.485879866352199,2.0388434778574296,0.622195091536055,-0.07620181252485958,-0.20414444089681005,2.037702070616226,-3.1268834790135527,3.2352100410323335,24.0,22450.0,3599.0,,,,
fold_1,A_payroll_growth,ols,22450.0,3599.0,2010.0,2016.0,2017,1.5487360840936015,2.360251939106851,0.5212027830218551,9.821114730673794e-12,-0.09376032943859647,2.360304507721379,-3.2222639978002037,3.4158312799419464,351.0,1.4885569082731822,2.0403511406366746,0.6216361344544294,-0.09345591279828032,-0.20654599670145224,2.038492919485539,-3.1251379001326454,3.21386661054891,24.0,22450.0,3599.0,,,,
fold_1,A_wage_growth,ols,22450.0,3599.0,2010.0,2016.0,2017,1.550114477664389,2.3643850701113815,0.5195244331114266,-2.1951107855440006e-11,-0.09788878404109091,2.3644377307809004,-3.2176571076622666,3.4124452516826644,328.0,1.4882691653399427,2.0421972501119643,0.6209511375387146,-0.07282087118425092,-0.19725378560549933,2.041182106223271,-3.1324980118963994,3.2376771485811573,19.0,22450.0,3599.0,,,,
fold_1,A_growth_p01_p99_trim,ols,22082.0,3599.0,2010.0,2016.0,2017,1.5326410345821444,2.3000316085763033,0.525895106007461,-2.0045534856346156e-11,-0.08653137826930868,2.3000836896769856,-3.2085421145166753,3.3963160513372688,332.0,1.483496553670716,2.0355909552387446,0.6230260286541577,-0.07915461447378537,-0.17795790977139436,2.0343340411479556,-3.113102532128852,3.202728207031363,38.0,22082.0,3599.0,,,,
fold_1,A_msa_fixed_effects,ols,22450.0,3591.0,2010.0,2016.0,2017,1.4285431214186641,2.1959601518971454,0.5855388751127278,-1.798068936504386e-11,-0.09929531530203439,2.1960090613295806,-2.993680748253932,3.2000010021014074,531.0,1.3880478504633917,1.9663324692397965,0.6492078357140724,-0.05492233562580256,-0.152232311736185,1.965839028428737,-2.927014054192993,3.1021566844881376,76.0,22450.0,3591.0,8.0,,,
fold_2,A_without_lag1,ols,28297.0,3765.0,2010.0,2017.0,2018,1.9726445833336554,2.9410883928871376,0.36403186537876087,-6.321128794324369e-11,-0.20759722318623997,2.9411403624660237,-4.101026394717396,4.397375815469097,483.0,1.9831799897835576,2.8692769517328727,0.38782334126556295,-0.006442383663317955,-0.2743476828610927,2.8696508402237253,-3.7164303686573694,4.499048407341614,37.0,28297.0,3765.0,,,,
fold_2,A_lag2,ols,22644.0,3602.0,2010.0,2017.0,2018,1.5778507622328022,2.365799024202775,0.5168023855792674,1.1378606518411073e-10,-0.10857547298965864,2.3658512649152272,-3.303761177548155,3.4502675197496884,324.0,1.6222817625565868,2.3638435628920327,0.5355743664314253,-0.09354423918602382,-0.25131406090405894,2.362319867975828,-3.3360577752773555,3.49181153232,29.0,22644.0,3602.0,,,,
fold_2,A_lag3,ols,19026.0,3765.0,2010.0,2017.0,2018,1.586454147054772,2.3911697821689324,0.5103723902379637,4.852311504933492e-12,-0.10657213561583845,2.391232624175807,-3.358425565993141,3.4714730950282187,286.0,1.7032755144652405,2.6463661743770848,0.47564513634454453,-0.044986405060083924,-0.18345851136238167,2.6463352400566413,-3.4504960075281454,3.7051336353547635,40.0,19026.0,3765.0,,,,
fold_2,A_establishment_growth,ols,26337.0,3591.0,2010.0,2017.0,2018,1.5438850243906355,2.337997692233367,0.5314935856092227,-1.0452476725297847e-11,-0.09570753430132406,2.338042079678285,-3.1959482327884006,3.3918659073298367,369.0,1.563504294648199,2.2270742926787226,0.5790786017180374,-0.004010322978378064,-0.09614797457002278,2.227380837332364,-3.1806673186479175,3.492454950145107,36.0,26337.0,3591.0,,,,
fold_2,A_payroll_growth,ols,26337.0,3591.0,2010.0,2017.0,2018,1.54313435918095,2.3361459187049793,0.5322354376712384,1.8838638951021524e-12,-0.09517668030899623,2.336190270993535,-3.2068052807911926,3.3870556083268117,412.0,1.5623837340992608,2.2241396539444107,0.5801871757707822,-0.004197755218481202,-0.10674278317597219,2.22444543923412,-3.175838237351303,3.495011898719396,41.0,26337.0,3591.0,,,,
fold_2,A_wage_growth,ols,26337.0,3591.0,2010.0,2017.0,2018,1.5448164144297787,2.340116936160083,0.5306438590529114,9.350844922343052e-12,-0.099109430584988,2.340161363839353,-3.199678495741774,3.4001008706449514,374.0,1.567631397511585,2.233206223833937,0.5767575167537149,0.0013338471525607782,-0.09411234152059467,2.2335168352899264,-3.1653393828383334,3.5003616762081684,41.0,26337.0,3591.0,,,,
fold_2,A_growth_p01_p99_trim,ols,25907.0,3591.0,2010.0,2017.0,2018,1.5270135471490396,2.2797109631131076,0.5369098538335664,-2.1963742370845205e-11,-0.0843881176408674,2.2797549623596858,-3.2033945467590645,3.3715848251453218,394.0,1.5673547229111582,2.2287392047090866,0.5779524489584507,-0.017985759228798567,-0.10793342003934786,2.228977009299228,-3.225578516995579,3.44158426053551,47.0,25907.0,3591.0,,,,
fold_2,A_msa_fixed_effects,ols,26337.0,3591.0,2010.0,2017.0,2018,1.4241513342719445,2.179689633999487,0.5927916239712301,6.265417932228543e-11,-0.0925127539138284,2.179731015928087,-2.981165733180165,3.1847900411482435,652.0,1.4588788093624587,2.0940940855689,0.6278448998141213,0.013911946103169022,-0.11934344044286416,2.0943395034245342,-2.9371175108930743,3.372489132257277,71.0,26337.0,3591.0,0.0,,,
fold_3,A_without_lag1,ols,32482.0,7556.0,2010.0,2018.0,"2019,2020",1.9874295659687682,2.9626264336610464,0.3629735381658885,-1.176534520596082e-11,-0.20831275441501074,2.9626720388399397,-4.118882250015208,4.4060004369286725,531.0,1.9465861497797114,2.77947589661696,0.4156737617931776,0.13392302035245154,-0.13864393715576817,2.776431356352482,-3.6070070406123604,4.5930440420355065,72.0,32482.0,7556.0,,,,
fold_3,A_lag2,ols,26555.0,7213.0,2010.0,2018.0,"2019,2020",1.5914481072312763,2.3839275871845653,0.5170276320251038,-8.168164895481119e-12,-0.10495901352161763,2.3839724750572673,-3.3312412358652645,3.4687571135000583,385.0,1.5801974244955417,2.3814290321742373,0.5447961093657323,0.16530051743180593,0.021805850487916167,2.3758498568213113,-2.9937923434833844,3.6418091727858233,104.0,26555.0,7213.0,,,,
fold_3,A_lag3,ols,22917.0,7556.0,2010.0,2018.0,"2019,2020",1.606980473235805,2.442931689916286,0.5031643076311259,7.794111036879248e-11,-0.10577899022764115,2.442984991213187,-3.384074830195184,3.523085678787471,332.0,1.6539004441801404,2.5071705114902962,0.5209938850285984,0.028638158822317752,-0.13652410404365778,2.5071728580307444,-3.3140550069866648,3.6372020303448185,92.0,22917.0,7556.0,,,,
fold_3,A_establishment_growth,ols,30230.0,7223.0,2010.0,2018.0,"2019,2020",1.5527263529909692,2.3463262335933233,0.5335017289649858,-1.183795129772366e-11,-0.08951810054081766,2.346365042466083,-3.2575835493868532,3.411314425498127,405.0,1.5385732667143055,2.28218400075696,0.5687693381938858,0.031596722688617275,-0.07234770341865193,2.2821232443593558,-3.0864332609217575,3.4130112336081218,78.0,30230.0,7223.0,,,,
fold_3,A_payroll_growth,ols,30230.0,7223.0,2010.0,2018.0,"2019,2020",1.55212869877317,2.3444063302468234,0.5342648497530693,-3.832542754505349e-11,-0.09030381155796113,2.344445107363861,-3.2627614040242587,3.416261240108241,464.0,1.5364673410241434,2.2813273326611077,0.5690930213101788,0.07698570411585506,-0.03242328284860374,2.280185829792372,-3.0027006934969642,3.505127803823766,90.0,30230.0,7223.0,,,,
fold_3,A_wage_growth,ols,30230.0,7223.0,2010.0,2018.0,"2019,2020",1.5540438353997414,2.3491037267720767,0.532396628876844,-5.981290176274322e-11,-0.0938544399182617,2.349142581585328,-3.2634360534515334,3.416588766443575,409.0,1.54187575573052,2.2876030447887605,0.5667189931059817,0.03239117300378255,-0.07830733046701277,2.287532068926738,-3.0880656209115553,3.437022822335857,73.0,30230.0,7223.0,,,,
fold_3,A_growth_p01_p99_trim,ols,29730.0,7223.0,2010.0,2018.0,"2019,2020",1.5362889974465215,2.290669656911297,0.5381638521272665,-2.4008989048834085e-11,-0.08337924922323658,2.290708182431737,-3.237733886527283,3.3740598662039853,456.0,1.5599694164787168,2.3031954247691933,0.5602567558709344,0.2414735912210988,0.09848101691071542,2.2906606288017337,-2.906138971929577,3.74368375194831,117.0,29730.0,7223.0,,,,
fold_3,A_msa_fixed_effects,ols,30230.0,7180.0,2010.0,2018.0,"2019,2020",1.4348025706613736,2.188042857158432,0.5943187886854903,-4.634199010493163e-11,-0.0954969379721704,2.1880790479811836,-3.01171246173931,3.2172079919638534,739.0,1.4329934699188784,2.154292269662602,0.6164918745819614,0.14214022949446561,0.009823444808753745,2.149747657144911,-2.7502863959309063,3.3817842734674333,151.0,30230.0,7180.0,43.0,,,
fold_3,A_COVID_year_diagnostic,ols,,3611.0,,,2019,,,,,,,,,,1.5156508025391822,2.2731630939161374,0.5754038081844306,0.07623853117373136,-0.04781567705994938,2.272198913982679,-2.954096956137339,3.5765777250296105,58.0,,3611.0,,,,
fold_3,A_COVID_year_diagnostic,ols,,3612.0,,,2020,,,,,,,,,,1.56177704917163,2.2905416928950406,0.5622739584096474,0.18686654321574553,0.07254102862839806,2.283222594457607,-3.014731556280713,3.558165724735766,49.0,,3612.0,,,,
preholdout_training_window,A_preholdout_full,ols,38061.0,,,,,1.559655676542551,2.357863245374836,0.5383018177423747,1.8856447005294603e-11,-0.09244058068188465,2.3578942207789058,-3.2774646581446327,3.4131034470551436,570.0,,,,,,,,,,38061.0,,,in_sample_training_diagnostic,,2011-2020
preholdout_training_window,A_preholdout_exclude_2020,ols,34137.0,,,,,1.553167700629351,2.3466664370799517,0.5379540697117755,-2.2880004778398164e-11,-0.09307971236592572,2.346700809139525,-3.243090581618565,3.408352315578687,518.0,,,,,,,,,,34137.0,,,in_sample_training_diagnostic,2020,2011-2019
preholdout_training_window,A_preholdout_exclude_2020_2021,ols,34137.0,,,,,1.553167700629351,2.3466664370799517,0.5379540697117755,-2.2880004778398164e-11,-0.09307971236592572,2.346700809139525,-3.243090581618565,3.408352315578687,518.0,,,,,,,,,,34137.0,,,in_sample_training_diagnostic,"2020,2021",2011-2019
