threshold_definition,fold,sector_code,eligible_n,gap_n,non_gap_n,gap_prevalence
p10,fold_1,11,29,13,16,0.4482758620689655
p10,fold_1,21,53,13,40,0.24528301886792453
p10,fold_1,22,78,0,78,0.0
p10,fold_1,23,314,14,300,0.044585987261146494
p10,fold_1,31-33,255,11,244,0.043137254901960784
p10,fold_1,42,161,10,151,0.062111801242236024
p10,fold_1,44-45,349,21,328,0.06017191977077364
p10,fold_1,48-49,160,43,117,0.26875
p10,fold_1,51,117,20,97,0.17094017094017094
p10,fold_1,52,237,17,220,0.07172995780590717
p10,fold_1,53,264,30,234,0.11363636363636363
p10,fold_1,54,215,30,185,0.13953488372093023
p10,fold_1,55,95,0,95,0.0
p10,fold_1,56,220,27,193,0.12272727272727273
p10,fold_1,61,102,20,82,0.19607843137254902
p10,fold_1,62,212,12,200,0.05660377358490566
p10,fold_1,71,172,33,139,0.19186046511627908
p10,fold_1,72,273,30,243,0.10989010989010989
p10,fold_1,81,293,15,278,0.051194539249146756
p10,fold_2,11,36,10,26,0.2777777777777778
p10,fold_2,21,55,7,48,0.12727272727272726
p10,fold_2,22,70,0,70,0.0
p10,fold_2,23,315,25,290,0.07936507936507936
p10,fold_2,31-33,242,22,220,0.09090909090909091
p10,fold_2,42,159,7,152,0.0440251572327044
p10,fold_2,44-45,345,20,325,0.057971014492753624
p10,fold_2,48-49,166,36,130,0.21686746987951808
p10,fold_2,51,114,22,92,0.19298245614035087
p10,fold_2,52,237,20,217,0.08438818565400844
p10,fold_2,53,254,30,224,0.11811023622047244
p10,fold_2,54,216,26,190,0.12037037037037036
p10,fold_2,55,86,0,86,0.0
p10,fold_2,56,227,25,202,0.11013215859030837
p10,fold_2,61,108,28,80,0.25925925925925924
p10,fold_2,62,212,11,201,0.05188679245283019
p10,fold_2,71,183,43,140,0.23497267759562843
p10,fold_2,72,272,41,231,0.15073529411764705
p10,fold_2,81,294,13,281,0.04421768707482993
p10,fold_3,11,60,22,38,0.36666666666666664
p10,fold_3,21,100,10,90,0.1
p10,fold_3,22,144,2,142,0.013888888888888888
p10,fold_3,23,639,30,609,0.046948356807511735
p10,fold_3,31-33,504,25,479,0.0496031746031746
p10,fold_3,42,307,17,290,0.05537459283387622
p10,fold_3,44-45,700,28,672,0.04
p10,fold_3,48-49,335,60,275,0.1791044776119403
p10,fold_3,51,237,44,193,0.18565400843881857
p10,fold_3,52,471,21,450,0.044585987261146494
p10,fold_3,53,527,60,467,0.11385199240986717
p10,fold_3,54,415,24,391,0.05783132530120482
p10,fold_3,55,176,2,174,0.011363636363636364
p10,fold_3,56,460,58,402,0.12608695652173912
p10,fold_3,61,227,36,191,0.15859030837004406
p10,fold_3,62,434,13,421,0.029953917050691243
p10,fold_3,71,353,69,284,0.1954674220963173
p10,fold_3,72,546,57,489,0.1043956043956044
p10,fold_3,81,588,16,572,0.027210884353741496
p20,fold_1,11,29,14,15,0.4827586206896552
p20,fold_1,21,53,35,18,0.660377358490566
p20,fold_1,22,78,0,78,0.0
p20,fold_1,23,314,33,281,0.10509554140127389
p20,fold_1,31-33,255,41,214,0.1607843137254902
p20,fold_1,42,161,33,128,0.20496894409937888
p20,fold_1,44-45,349,59,290,0.16905444126074498
p20,fold_1,48-49,160,60,100,0.375
p20,fold_1,51,117,30,87,0.2564102564102564
p20,fold_1,52,237,40,197,0.16877637130801687
p20,fold_1,53,264,55,209,0.20833333333333334
p20,fold_1,54,215,58,157,0.26976744186046514
p20,fold_1,55,95,1,94,0.010526315789473684
p20,fold_1,56,220,51,169,0.2318181818181818
p20,fold_1,61,102,34,68,0.3333333333333333
p20,fold_1,62,212,27,185,0.12735849056603774
p20,fold_1,71,172,50,122,0.29069767441860467
p20,fold_1,72,273,68,205,0.2490842490842491
p20,fold_1,81,293,47,246,0.16040955631399317
p20,fold_2,11,36,11,25,0.3055555555555556
p20,fold_2,21,55,30,25,0.5454545454545454
p20,fold_2,22,70,0,70,0.0
p20,fold_2,23,315,49,266,0.15555555555555556
p20,fold_2,31-33,242,57,185,0.23553719008264462
p20,fold_2,42,159,25,134,0.15723270440251572
p20,fold_2,44-45,345,65,280,0.18840579710144928
p20,fold_2,48-49,166,49,117,0.29518072289156627
p20,fold_2,51,114,34,80,0.2982456140350877
p20,fold_2,52,237,44,193,0.18565400843881857
p20,fold_2,53,254,59,195,0.23228346456692914
p20,fold_2,54,216,46,170,0.21296296296296297
p20,fold_2,55,86,5,81,0.05813953488372093
p20,fold_2,56,227,52,175,0.2290748898678414
p20,fold_2,61,108,45,63,0.4166666666666667
p20,fold_2,62,212,35,177,0.1650943396226415
p20,fold_2,71,183,61,122,0.3333333333333333
p20,fold_2,72,272,65,207,0.23897058823529413
p20,fold_2,81,294,40,254,0.1360544217687075
p20,fold_3,11,60,25,35,0.4166666666666667
p20,fold_3,21,100,58,42,0.58
p20,fold_3,22,144,2,142,0.013888888888888888
p20,fold_3,23,639,94,545,0.14710485133020346
p20,fold_3,31-33,504,80,424,0.15873015873015872
p20,fold_3,42,307,52,255,0.16938110749185667
p20,fold_3,44-45,700,100,600,0.14285714285714285
p20,fold_3,48-49,335,83,252,0.24776119402985075
p20,fold_3,51,237,63,174,0.26582278481012656
p20,fold_3,52,471,71,400,0.15074309978768577
p20,fold_3,53,527,106,421,0.20113851992409867
p20,fold_3,54,415,71,344,0.1710843373493976
p20,fold_3,55,176,3,173,0.017045454545454544
p20,fold_3,56,460,103,357,0.22391304347826088
p20,fold_3,61,227,61,166,0.2687224669603524
p20,fold_3,62,434,48,386,0.11059907834101383
p20,fold_3,71,353,98,255,0.2776203966005666
p20,fold_3,72,546,120,426,0.21978021978021978
p20,fold_3,81,588,68,520,0.11564625850340136
p25,fold_1,11,29,14,15,0.4827586206896552
p25,fold_1,21,53,36,17,0.6792452830188679
p25,fold_1,22,78,1,77,0.01282051282051282
p25,fold_1,23,314,45,269,0.14331210191082802
p25,fold_1,31-33,255,55,200,0.21568627450980393
p25,fold_1,42,161,51,110,0.3167701863354037
p25,fold_1,44-45,349,81,268,0.23209169054441262
p25,fold_1,48-49,160,67,93,0.41875
p25,fold_1,51,117,31,86,0.26495726495726496
p25,fold_1,52,237,57,180,0.24050632911392406
p25,fold_1,53,264,58,206,0.2196969696969697
p25,fold_1,54,215,72,143,0.33488372093023255
p25,fold_1,55,95,3,92,0.031578947368421054
p25,fold_1,56,220,62,158,0.2818181818181818
p25,fold_1,61,102,41,61,0.4019607843137255
p25,fold_1,62,212,42,170,0.19811320754716982
p25,fold_1,71,172,54,118,0.313953488372093
p25,fold_1,72,273,87,186,0.31868131868131866
p25,fold_1,81,293,74,219,0.2525597269624573
p25,fold_2,11,36,11,25,0.3055555555555556
p25,fold_2,21,55,32,23,0.5818181818181818
p25,fold_2,22,70,0,70,0.0
p25,fold_2,23,315,60,255,0.19047619047619047
p25,fold_2,31-33,242,68,174,0.2809917355371901
p25,fold_2,42,159,40,119,0.25157232704402516
p25,fold_2,44-45,345,89,256,0.2579710144927536
p25,fold_2,48-49,166,56,110,0.3373493975903614
p25,fold_2,51,114,37,77,0.32456140350877194
p25,fold_2,52,237,54,183,0.22784810126582278
p25,fold_2,53,254,64,190,0.25196850393700787
p25,fold_2,54,216,59,157,0.27314814814814814
p25,fold_2,55,86,6,80,0.06976744186046512
p25,fold_2,56,227,63,164,0.2775330396475771
p25,fold_2,61,108,49,59,0.4537037037037037
p25,fold_2,62,212,51,161,0.24056603773584906
p25,fold_2,71,183,68,115,0.37158469945355194
p25,fold_2,72,272,83,189,0.30514705882352944
p25,fold_2,81,294,53,241,0.18027210884353742
p25,fold_3,11,60,26,34,0.43333333333333335
p25,fold_3,21,100,62,38,0.62
p25,fold_3,22,144,3,141,0.020833333333333332
p25,fold_3,23,639,118,521,0.18466353677621283
p25,fold_3,31-33,504,120,384,0.23809523809523808
p25,fold_3,42,307,80,227,0.26058631921824105
p25,fold_3,44-45,700,142,558,0.20285714285714285
p25,fold_3,48-49,335,95,240,0.2835820895522388
p25,fold_3,51,237,72,165,0.3037974683544304
p25,fold_3,52,471,105,366,0.2229299363057325
p25,fold_3,53,527,128,399,0.2428842504743833
p25,fold_3,54,415,91,324,0.21927710843373494
p25,fold_3,55,176,7,169,0.03977272727272727
p25,fold_3,56,460,126,334,0.27391304347826084
p25,fold_3,61,227,78,149,0.3436123348017621
p25,fold_3,62,434,65,369,0.1497695852534562
p25,fold_3,71,353,113,240,0.32011331444759206
p25,fold_3,72,546,150,396,0.27472527472527475
p25,fold_3,81,588,94,494,0.1598639455782313
mean_minus_1sd,fold_1,11,29,13,16,0.4482758620689655
mean_minus_1sd,fold_1,21,53,13,40,0.24528301886792453
mean_minus_1sd,fold_1,22,78,0,78,0.0
mean_minus_1sd,fold_1,23,314,14,300,0.044585987261146494
mean_minus_1sd,fold_1,31-33,255,11,244,0.043137254901960784
mean_minus_1sd,fold_1,42,161,10,151,0.062111801242236024
mean_minus_1sd,fold_1,44-45,349,21,328,0.06017191977077364
mean_minus_1sd,fold_1,48-49,160,42,118,0.2625
mean_minus_1sd,fold_1,51,117,20,97,0.17094017094017094
mean_minus_1sd,fold_1,52,237,17,220,0.07172995780590717
mean_minus_1sd,fold_1,53,264,30,234,0.11363636363636363
mean_minus_1sd,fold_1,54,215,30,185,0.13953488372093023
mean_minus_1sd,fold_1,55,95,0,95,0.0
mean_minus_1sd,fold_1,56,220,27,193,0.12272727272727273
mean_minus_1sd,fold_1,61,102,20,82,0.19607843137254902
mean_minus_1sd,fold_1,62,212,12,200,0.05660377358490566
mean_minus_1sd,fold_1,71,172,33,139,0.19186046511627908
mean_minus_1sd,fold_1,72,273,30,243,0.10989010989010989
mean_minus_1sd,fold_1,81,293,15,278,0.051194539249146756
mean_minus_1sd,fold_2,11,36,10,26,0.2777777777777778
mean_minus_1sd,fold_2,21,55,7,48,0.12727272727272726
mean_minus_1sd,fold_2,22,70,0,70,0.0
mean_minus_1sd,fold_2,23,315,25,290,0.07936507936507936
mean_minus_1sd,fold_2,31-33,242,22,220,0.09090909090909091
mean_minus_1sd,fold_2,42,159,7,152,0.0440251572327044
mean_minus_1sd,fold_2,44-45,345,20,325,0.057971014492753624
mean_minus_1sd,fold_2,48-49,166,36,130,0.21686746987951808
mean_minus_1sd,fold_2,51,114,23,91,0.20175438596491227
mean_minus_1sd,fold_2,52,237,21,216,0.08860759493670886
mean_minus_1sd,fold_2,53,254,31,223,0.1220472440944882
mean_minus_1sd,fold_2,54,216,26,190,0.12037037037037036
mean_minus_1sd,fold_2,55,86,0,86,0.0
mean_minus_1sd,fold_2,56,227,26,201,0.1145374449339207
mean_minus_1sd,fold_2,61,108,28,80,0.25925925925925924
mean_minus_1sd,fold_2,62,212,11,201,0.05188679245283019
mean_minus_1sd,fold_2,71,183,44,139,0.24043715846994534
mean_minus_1sd,fold_2,72,272,41,231,0.15073529411764705
mean_minus_1sd,fold_2,81,294,13,281,0.04421768707482993
mean_minus_1sd,fold_3,11,60,22,38,0.36666666666666664
mean_minus_1sd,fold_3,21,100,10,90,0.1
mean_minus_1sd,fold_3,22,144,2,142,0.013888888888888888
mean_minus_1sd,fold_3,23,639,30,609,0.046948356807511735
mean_minus_1sd,fold_3,31-33,504,25,479,0.0496031746031746
mean_minus_1sd,fold_3,42,307,17,290,0.05537459283387622
mean_minus_1sd,fold_3,44-45,700,28,672,0.04
mean_minus_1sd,fold_3,48-49,335,60,275,0.1791044776119403
mean_minus_1sd,fold_3,51,237,45,192,0.189873417721519
mean_minus_1sd,fold_3,52,471,21,450,0.044585987261146494
mean_minus_1sd,fold_3,53,527,60,467,0.11385199240986717
mean_minus_1sd,fold_3,54,415,25,390,0.060240963855421686
mean_minus_1sd,fold_3,55,176,2,174,0.011363636363636364
mean_minus_1sd,fold_3,56,460,58,402,0.12608695652173912
mean_minus_1sd,fold_3,61,227,36,191,0.15859030837004406
mean_minus_1sd,fold_3,62,434,13,421,0.029953917050691243
mean_minus_1sd,fold_3,71,353,69,284,0.1954674220963173
mean_minus_1sd,fold_3,72,546,57,489,0.1043956043956044
mean_minus_1sd,fold_3,81,588,16,572,0.027210884353741496
