fold,split_role,target_year,sector_code,negative_expected_n,negative_expected_gap_n
fold_1,training_residual,2011,22,27,0
fold_1,training_residual,2011,55,34,0
fold_1,training_residual,2012,22,15,0
fold_1,training_residual,2012,55,29,0
fold_1,training_residual,2013,22,42,0
fold_1,training_residual,2013,55,57,0
fold_1,training_residual,2014,22,28,0
fold_1,training_residual,2014,55,45,0
fold_1,training_residual,2015,22,22,0
fold_1,training_residual,2015,55,30,0
fold_1,training_residual,2016,22,15,0
fold_1,training_residual,2016,55,21,0
fold_1,validation,2017,22,10,0
fold_1,validation,2017,55,22,0
fold_2,training_residual,2011,22,28,0
fold_2,training_residual,2011,55,34,0
fold_2,training_residual,2012,22,16,0
fold_2,training_residual,2012,55,30,0
fold_2,training_residual,2013,22,42,0
fold_2,training_residual,2013,55,57,0
fold_2,training_residual,2014,22,28,0
fold_2,training_residual,2014,55,45,0
fold_2,training_residual,2015,22,22,0
fold_2,training_residual,2015,55,29,0
fold_2,training_residual,2016,22,15,0
fold_2,training_residual,2016,55,22,0
fold_2,training_residual,2017,22,24,0
fold_2,training_residual,2017,55,34,0
fold_2,validation,2018,22,18,0
fold_2,validation,2018,55,31,0
fold_3,training_residual,2011,22,28,0
fold_3,training_residual,2011,55,34,0
fold_3,training_residual,2012,22,16,0
fold_3,training_residual,2012,55,29,0
fold_3,training_residual,2013,22,42,0
fold_3,training_residual,2013,55,56,0
fold_3,training_residual,2014,22,27,0
fold_3,training_residual,2014,55,45,0
fold_3,training_residual,2015,22,21,0
fold_3,training_residual,2015,55,27,0
fold_3,training_residual,2016,22,14,0
fold_3,training_residual,2016,55,21,0
fold_3,training_residual,2017,22,23,0
fold_3,training_residual,2017,55,34,0
fold_3,training_residual,2018,21,1,0
fold_3,training_residual,2018,22,21,0
fold_3,training_residual,2018,55,39,0
fold_3,validation,2019,22,19,0
fold_3,validation,2019,55,39,0
fold_3,validation,2020,22,17,0
fold_3,validation,2020,55,32,0
