threshold_definition,fold,split_role,target_year,eligible_n,gap_n,non_gap_n,gap_prevalence,residual_threshold,residual_mean,residual_sd
p10,fold_1,training,2013,3286,301,2985,0.09160073037127206,-2.3541377899945632,-2.0665489492868177e-11,2.358466234069149
p10,fold_1,training,2014,3553,332,3221,0.09344216155361666,-2.3541377899945632,-2.0665489492868177e-11,2.358466234069149
p10,fold_1,training,2015,3570,347,3223,0.09719887955182073,-2.3541377899945632,-2.0665489492868177e-11,2.358466234069149
p10,fold_1,training,2016,3546,330,3216,0.09306260575296109,-2.3541377899945632,-2.0665489492868177e-11,2.358466234069149
p10,fold_1,validation,2017,3599,359,3240,0.09974993053626008,-2.3541377899945632,-2.0665489492868177e-11,2.358466234069149
p10,fold_2,training,2013,3286,299,2987,0.09099208764455265,-2.345147408208356,-2.992219698023496e-11,2.3338958644137544
p10,fold_2,training,2014,3553,333,3220,0.09372361384745286,-2.345147408208356,-2.992219698023496e-11,2.3338958644137544
p10,fold_2,training,2015,3570,345,3225,0.09663865546218488,-2.345147408208356,-2.992219698023496e-11,2.3338958644137544
p10,fold_2,training,2016,3546,336,3210,0.09475465313028765,-2.345147408208356,-2.992219698023496e-11,2.3338958644137544
p10,fold_2,training,2017,3599,330,3269,0.09169213670464017,-2.345147408208356,-2.992219698023496e-11,2.3338958644137544
p10,fold_2,validation,2018,3591,386,3205,0.10749094959621275,-2.345147408208356,-2.992219698023496e-11,2.3338958644137544
p10,fold_3,training,2013,3286,297,2989,0.09038344491783323,-2.3531386571456343,-3.7473171138686545e-11,2.3425756844758134
p10,fold_3,training,2014,3553,328,3225,0.09231635237827188,-2.3531386571456343,-3.7473171138686545e-11,2.3425756844758134
p10,fold_3,training,2015,3570,341,3229,0.09551820728291316,-2.3531386571456343,-3.7473171138686545e-11,2.3425756844758134
p10,fold_3,training,2016,3546,320,3226,0.09024252679075014,-2.3531386571456343,-3.7473171138686545e-11,2.3425756844758134
p10,fold_3,training,2017,3599,325,3274,0.09030286190608502,-2.3531386571456343,-3.7473171138686545e-11,2.3425756844758134
p10,fold_3,training,2018,3591,372,3219,0.1035923141186299,-2.3531386571456343,-3.7473171138686545e-11,2.3425756844758134
p10,fold_3,validation,2019,3611,305,3306,0.08446413735807255,-2.3531386571456343,-3.7473171138686545e-11,2.3425756844758134
p10,fold_3,validation,2020,3612,289,3323,0.08001107419712071,-2.3531386571456343,-3.7473171138686545e-11,2.3425756844758134
p20,fold_1,training,2013,3286,617,2669,0.18776628119293975,-1.4699368945537192,-2.0665489492868177e-11,2.358466234069149
p20,fold_1,training,2014,3553,698,2855,0.19645370109766394,-1.4699368945537192,-2.0665489492868177e-11,2.358466234069149
p20,fold_1,training,2015,3570,700,2870,0.19607843137254902,-1.4699368945537192,-2.0665489492868177e-11,2.358466234069149
p20,fold_1,training,2016,3546,680,2866,0.19176536943034406,-1.4699368945537192,-2.0665489492868177e-11,2.358466234069149
p20,fold_1,validation,2017,3599,736,2863,0.2045012503473187,-1.4699368945537192,-2.0665489492868177e-11,2.358466234069149
p20,fold_2,training,2013,3286,617,2669,0.18776628119293975,-1.4672030946356418,-2.992219698023496e-11,2.3338958644137544
p20,fold_2,training,2014,3553,702,2851,0.1975795102730087,-1.4672030946356418,-2.992219698023496e-11,2.3338958644137544
p20,fold_2,training,2015,3570,708,2862,0.19831932773109243,-1.4672030946356418,-2.992219698023496e-11,2.3338958644137544
p20,fold_2,training,2016,3546,683,2863,0.19261139311900732,-1.4672030946356418,-2.992219698023496e-11,2.3338958644137544
p20,fold_2,training,2017,3599,679,2920,0.18866351764378994,-1.4672030946356418,-2.992219698023496e-11,2.3338958644137544
p20,fold_2,validation,2018,3591,772,2819,0.2149818991924255,-1.4672030946356418,-2.992219698023496e-11,2.3338958644137544
p20,fold_3,training,2013,3286,616,2670,0.18746195982958003,-1.476159207400081,-3.7473171138686545e-11,2.3425756844758134
p20,fold_3,training,2014,3553,699,2854,0.19673515339150013,-1.476159207400081,-3.7473171138686545e-11,2.3425756844758134
p20,fold_3,training,2015,3570,698,2872,0.19551820728291316,-1.476159207400081,-3.7473171138686545e-11,2.3425756844758134
p20,fold_3,training,2016,3546,670,2876,0.1889452904681331,-1.476159207400081,-3.7473171138686545e-11,2.3425756844758134
p20,fold_3,training,2017,3599,666,2933,0.18505140316754654,-1.476159207400081,-3.7473171138686545e-11,2.3425756844758134
p20,fold_3,training,2018,3591,748,2843,0.20829852408799776,-1.476159207400081,-3.7473171138686545e-11,2.3425756844758134
p20,fold_3,validation,2019,3611,640,2971,0.1772362226530047,-1.476159207400081,-3.7473171138686545e-11,2.3425756844758134
p20,fold_3,validation,2020,3612,666,2946,0.18438538205980065,-1.476159207400081,-3.7473171138686545e-11,2.3425756844758134
p25,fold_1,training,2013,3286,766,2520,0.2331101643335362,-1.1637664865167119,-2.0665489492868177e-11,2.358466234069149
p25,fold_1,training,2014,3553,865,2688,0.24345623416830847,-1.1637664865167119,-2.0665489492868177e-11,2.358466234069149
p25,fold_1,training,2015,3570,883,2687,0.2473389355742297,-1.1637664865167119,-2.0665489492868177e-11,2.358466234069149
p25,fold_1,training,2016,3546,871,2675,0.24562887760857305,-1.1637664865167119,-2.0665489492868177e-11,2.358466234069149
p25,fold_1,validation,2017,3599,931,2668,0.2586829674909697,-1.1637664865167119,-2.0665489492868177e-11,2.358466234069149
p25,fold_2,training,2013,3286,770,2516,0.23432744978697503,-1.1613656469489593,-2.992219698023496e-11,2.3338958644137544
p25,fold_2,training,2014,3553,869,2684,0.24458204334365324,-1.1613656469489593,-2.992219698023496e-11,2.3338958644137544
p25,fold_2,training,2015,3570,879,2691,0.246218487394958,-1.1613656469489593,-2.992219698023496e-11,2.3338958644137544
p25,fold_2,training,2016,3546,864,2682,0.2436548223350254,-1.1613656469489593,-2.992219698023496e-11,2.3338958644137544
p25,fold_2,training,2017,3599,869,2730,0.2414559599888858,-1.1613656469489593,-2.992219698023496e-11,2.3338958644137544
p25,fold_2,validation,2018,3591,943,2648,0.2626009468114731,-1.1613656469489593,-2.992219698023496e-11,2.3338958644137544
p25,fold_3,training,2013,3286,770,2516,0.23432744978697503,-1.1629248701541606,-3.7473171138686545e-11,2.3425756844758134
p25,fold_3,training,2014,3553,864,2689,0.24317478187447228,-1.1629248701541606,-3.7473171138686545e-11,2.3425756844758134
p25,fold_3,training,2015,3570,875,2695,0.24509803921568626,-1.1629248701541606,-3.7473171138686545e-11,2.3425756844758134
p25,fold_3,training,2016,3546,859,2687,0.2422447828539199,-1.1629248701541606,-3.7473171138686545e-11,2.3425756844758134
p25,fold_3,training,2017,3599,858,2741,0.23839955543206445,-1.1629248701541606,-3.7473171138686545e-11,2.3425756844758134
p25,fold_3,training,2018,3591,912,2679,0.25396825396825395,-1.1629248701541606,-3.7473171138686545e-11,2.3425756844758134
p25,fold_3,validation,2019,3611,842,2769,0.2331764054278593,-1.1629248701541606,-3.7473171138686545e-11,2.3425756844758134
p25,fold_3,validation,2020,3612,833,2779,0.23062015503875968,-1.1629248701541606,-3.7473171138686545e-11,2.3425756844758134
mean_minus_1sd,fold_1,training,2013,3286,299,2987,0.09099208764455265,-2.3584662340898146,-2.0665489492868177e-11,2.358466234069149
mean_minus_1sd,fold_1,training,2014,3553,330,3223,0.09287925696594428,-2.3584662340898146,-2.0665489492868177e-11,2.358466234069149
mean_minus_1sd,fold_1,training,2015,3570,346,3224,0.0969187675070028,-2.3584662340898146,-2.0665489492868177e-11,2.358466234069149
mean_minus_1sd,fold_1,training,2016,3546,327,3219,0.0922165820642978,-2.3584662340898146,-2.0665489492868177e-11,2.358466234069149
mean_minus_1sd,fold_1,validation,2017,3599,358,3241,0.09947207557654904,-2.3584662340898146,-2.0665489492868177e-11,2.358466234069149
mean_minus_1sd,fold_2,training,2013,3286,301,2985,0.09160073037127206,-2.3338958644436767,-2.992219698023496e-11,2.3338958644137544
mean_minus_1sd,fold_2,training,2014,3553,335,3218,0.09428651843512524,-2.3338958644436767,-2.992219698023496e-11,2.3338958644137544
mean_minus_1sd,fold_2,training,2015,3570,347,3223,0.09719887955182073,-2.3338958644436767,-2.992219698023496e-11,2.3338958644137544
mean_minus_1sd,fold_2,training,2016,3546,338,3208,0.09531866892272983,-2.3338958644436767,-2.992219698023496e-11,2.3338958644137544
mean_minus_1sd,fold_2,training,2017,3599,331,3268,0.09196999166435121,-2.3338958644436767,-2.992219698023496e-11,2.3338958644137544
mean_minus_1sd,fold_2,validation,2018,3591,391,3200,0.1088833194096352,-2.3338958644436767,-2.992219698023496e-11,2.3338958644137544
mean_minus_1sd,fold_3,training,2013,3286,301,2985,0.09160073037127206,-2.3425756845132866,-3.7473171138686545e-11,2.3425756844758134
mean_minus_1sd,fold_3,training,2014,3553,334,3219,0.09400506614128905,-2.3425756845132866,-3.7473171138686545e-11,2.3425756844758134
mean_minus_1sd,fold_3,training,2015,3570,342,3228,0.0957983193277311,-2.3425756845132866,-3.7473171138686545e-11,2.3425756844758134
mean_minus_1sd,fold_3,training,2016,3546,324,3222,0.09137055837563451,-2.3425756845132866,-3.7473171138686545e-11,2.3425756844758134
mean_minus_1sd,fold_3,training,2017,3599,328,3271,0.09113642678521812,-2.3425756845132866,-3.7473171138686545e-11,2.3425756844758134
mean_minus_1sd,fold_3,training,2018,3591,379,3212,0.10554163185742133,-2.3425756845132866,-3.7473171138686545e-11,2.3425756844758134
mean_minus_1sd,fold_3,validation,2019,3611,307,3304,0.0850180005538632,-2.3425756845132866,-3.7473171138686545e-11,2.3425756844758134
mean_minus_1sd,fold_3,validation,2020,3612,289,3323,0.08001107419712071,-2.3425756845132866,-3.7473171138686545e-11,2.3425756844758134
p10,pooled_development_validation,validation,all,14413,1339,13074,0.0929022410324013,,,
p20,pooled_development_validation,validation,all,14413,2814,11599,0.19524040796503156,,,
p25,pooled_development_validation,validation,all,14413,3549,10864,0.2462360369111219,,,
mean_minus_1sd,pooled_development_validation,validation,all,14413,1345,13068,0.09331853188094082,,,
