specification,model,fold,split,n,msa_n,AP,ROC_AUC,Brier,top10_lift,top20_lift,top25_lift,prevalence,clip_lower,clip_upper
training_p01_p99_clip,logistic,fold_1,validation,3387,,0.4032694601486605,0.7088362728412121,0.14427290996123368,2.2693763541911403,1.9820202573942098,1.8342666987075675,0.20017714791851196,-0.17197766185125735,0.2165132495477903
training_p01_p99_clip,hist_gradient_boosting,fold_1,validation,3387,,0.38620454532680526,0.7155436755663139,0.14434747829072078,2.1367504633617873,1.8641305766570078,1.8047768804003719,0.20017714791851196,-0.17197766185125735,0.2165132495477903
training_p01_p99_clip,logistic,fold_2,validation,3409,,0.38652431109231883,0.6794233564686853,0.15573906523596542,2.207857145730503,1.7964551931099122,1.721393226842404,0.21384570255206806,-0.16537489084381773,0.20859919997391163
training_p01_p99_clip,hist_gradient_boosting,fold_2,validation,3409,,0.4001622651032972,0.709814610077186,0.1517647386154027,2.1118633567856984,1.8855922828443734,1.7981432433258233,0.21384570255206806,-0.16537489084381773,0.20859919997391163
training_p01_p99_clip,logistic,fold_3,validation,6837,,0.34539010272517046,0.6976664820952967,0.13338934334030877,2.288754254495523,1.910069459660809,1.804370626816834,0.17566183998829896,-0.16079290484076328,0.2085564129976542
training_p01_p99_clip,hist_gradient_boosting,fold_3,validation,6837,,0.35335148065853883,0.7133421462715303,0.13204684987448462,2.1472676278539815,1.9683286588661497,1.8609652774734504,0.17566183998829896,-0.16079290484076328,0.2085564129976542
raw_primary,logistic,pooled_oof,pooled_oof,13633,,0.3673097574692976,0.6927486331956095,0.14168337707468692,2.249611785527949,1.9149798031950434,1.7787496828136276,0.19130052079512946,,
training_p01_p99_clip,logistic,pooled_oof,pooled_oof,13633,,0.367622752918942,0.6927394863876021,0.14168193059823925,2.249611785527949,1.9130629064951485,1.7726160632177186,0.19130052079512946,-0.17197766185125735,0.2165132495477903
raw_primary,hist_gradient_boosting,pooled_oof,pooled_oof,13633,,0.3713600481797186,0.7108461840769027,0.13999053608295695,2.1576344723206735,1.9188135965948332,1.8278186395809002,0.19130052079512946,,
training_p01_p99_clip,hist_gradient_boosting,pooled_oof,pooled_oof,13633,,0.3711221984898512,0.7106948617892965,0.14003339070655252,2.16529924842128,1.9168966998949386,1.8262852346819227,0.19130052079512946,-0.17197766185125735,0.2165132495477903
