sector_code,n,positive_n,gap_prevalence,sufficient_sample,AP,ROC_AUC,Brier,top10_lift
11,95,32,0.3368421052631579,True,0.6086790040559283,0.7281746031746031,0.1885805548062091,2.375
21,171,97,0.5672514619883041,True,0.8970969388318001,0.8989969350794093,0.13428931961177834,1.6649484536082473
22,241,2,0.008298755186721992,False,,,,
23,1246,173,0.13884430176565007,True,0.24803322256164678,0.6948375523221049,0.113435331845624,2.016647398843931
31-33,945,168,0.17777777777777778,True,0.20532942458811992,0.5573328430471287,0.14691876765842704,1.3026315789473684
42,570,96,0.16842105263157894,True,0.2578864170117379,0.6393943389592124,0.13578512651585414,1.6666666666666665
44-45,1386,221,0.15945165945165946,True,0.2553499943494454,0.6693647680267221,0.12872134673777022,1.894983560662782
48-49,605,175,0.2892561983471074,True,0.4014788066762777,0.6454485049833887,0.19974270486620468,1.4168618266978925
51,420,104,0.24761904761904763,True,0.4991051407808731,0.6839703018500487,0.16577427038170717,2.4038461538461537
52,889,142,0.1597300337457818,True,0.23023248806796726,0.6472745441861342,0.12996983652906235,1.5475549928786199
53,1001,209,0.2087912087912088,True,0.32536766834575354,0.6759158571359528,0.1554103904835923,1.8494007295466388
54,812,166,0.2044334975369458,True,0.3344034698797458,0.6809746726845463,0.1526229522192605,1.8492506611813107
55,304,7,0.023026315789473683,False,,,,
56,859,195,0.2270081490104773,True,0.3070280120208989,0.624212233549583,0.17057416815461132,1.4854502087060226
61,389,116,0.2982005141388175,True,0.4053810701068896,0.6146899077933561,0.20506472146537622,1.3757736516357206
62,832,109,0.1310096153846154,True,0.2513945986217758,0.6673772634410648,0.10983968563101287,2.453473132372215
71,652,191,0.2929447852760736,True,0.36667146717000776,0.601798957422403,0.20740250928573079,1.3447564651753134
72,1074,250,0.23277467411545624,True,0.37461943571658746,0.6739757281553398,0.16676520166330008,1.8695555555555554
81,1142,155,0.13572679509632224,True,0.27188548897901155,0.698055364905056,0.1123302630931135,2.1142215988779807
