page,visual_name,current_type,purpose,keep_change_remove,issue,proposed_improvement,scientific_content_changed,notes
Executive Overview,Development versus final metrics,Two-panel grouped bar,Compare ranking and probability error for logistic,change,Split colors not semantic and final split label abbreviated,Apply shared style and explicit Development OOF / Final temporal holdout with metric direction captions,false,Fixed A7.2 values
Executive Overview,Top-share lift,Bar chart,Show retrospective concentration by ranked share,change,Shared palette and hover formatting vary from other pages,Apply semantic colors and common count/score formatting,false,No change to frozen lift
Executive Overview,Calibration by score bin,Line and marker chart,Compare frozen probabilities to observed rates,change,Marker color could imply secondary model and bin hover is abbreviated,Keep logistic color and improve title and hover context,false,Published calibration bins retained
Executive Overview,Highest-ranked holdout cases,Sortable table,Inspect highest-scored MSA-sector pairs,keep,Already carries retrospective and t-to-t+3 labels,Retain with existing probability format,false,Filtered only by top-N control
Regional & Industry Explorer,Observed versus expected activity,Line chart with gap markers,Compare startup rate and A6 expected level,change,Hover used raw binary status and lacked MSA/sector context,Use text status, explicit units and MSA-sector-year hover,false,Gap marker distinct by shape and color
Regional & Industry Explorer,Startup-rate history,Line chart,Show selected historical startup rate,remove,Duplicates observed series in the observed-versus-expected chart,Keep median summary beside observed-versus-expected and retain the separate employment-growth chart,false,Dashboard display only; A7.2 values and research artifacts retained
Regional & Industry Explorer,Employment-growth history,Line chart,Show QCEW employment growth over time,change,Series color shared HGB semantic and context absent in hover,Use expected/observed semantic palette with dashed marker cue and context,false,Descriptive association only
Regional & Industry Explorer,Alignment history,Line chart with zero reference,Show observed-minus-expected rate,change,Hover exposed raw gap code and no geography context,Use readable gap label and MSA-sector-year hover,false,Zero reference retained
Regional & Industry Explorer,Historical gap timeline,Categorical marker timeline,Show development OOF gap/no-gap years,change,Status labels and chart styling not fully shared,Use semantic palette, explicit text and contextual hover,false,No-gap and gap labels retained
Regional & Industry Explorer,Retrospective prediction history,Line chart,Show logistic scores by predictor and target year,change,Final-holdout color could outweigh primary-model hierarchy and actual gap was numeric,Keep logistic primary color; use dash for split and readable outcome labels,false,Actual target remains retrospective
Regional & Industry Explorer,Retrospective risk ranking,Sortable table,Rank selected evaluation pairs by logistic score,keep,Clear model/split scope already present,Retain with common table conventions,false,Final temporal holdout default
Regional & Industry Explorer,Filtered descriptive observations,Sortable table,Inspect source panel rows,keep,Bounded visible rows and complete CSV export are documented,Retain exact A7.2 values and nulls,false,No aggregation introduced
Model Performance,Development versus final comparison,Two-panel metric chart,Compare logistic ranking and Brier error,change,Split naming and style require shared semantic treatment,Use canonical split labels and state higher/lower direction,false,Fixed published values
Model Performance,Development model comparison,Three metric subplots,Compare prevalence benchmark/logistic/HGB,change,Three compact subplots and model hierarchy cues may be hard to scan,Apply shared typography/palette and retain pattern cue for HGB,false,Fixed development artifact
Model Performance,Final temporal holdout model comparison,Three metric subplots,Compare finalized holdout models,change,Same style needs explicit split and direction cues,Apply shared typography/palette and preserve logistic-first legend,false,No holdout model selection
Model Performance,Precision-recall curve,Curve chart,Show precision-recall tradeoff and prevalence reference,change,Was separate from ROC and increased scroll length,Place beside ROC in accessible tabs and standardize hover/config,false,No operating threshold added
Model Performance,ROC curve,Curve chart,Show ranking discrimination reference,change,Was separate from PR and hover was technical,Pair with PR tab and retain random-ranking diagonal,false,No threshold selection
Model Performance,Calibration by score bin,Line and marker chart,Show observed versus predicted probability,change,Plot style differs from Overview and line direction descriptions,Apply common style and glossary wording,false,Fixed bins
Model Performance,Lift comparison,Grouped bar chart,Compare concentration by model and ranked share,change,Legend/model palette and hover units vary,Use semantic model colors, pattern cue, and consistent lift units,false,Frozen summary values
Model Performance,Risk concentration table,Sortable table,Show lift and selected share sizes,keep,Metrics already formatted and sourced from frozen summary,Retain source values and note denominator,false,No row-level metrics recomputed
Model Performance,Performance by target year,Three-panel line chart,Inspect final temporal holdout variation,change,Long page stacks all subgroup diagnostics,Move to subgroup tabs and preserve year/sample labels,false,No causal interpretation
Model Performance,Performance by MSA size,Three-panel bar chart,Compare finalized groups,change,Three metric directions were not equally explicit,Keep separate panels and label higher/lower semantics,false,Finalized A6 grouping
Model Performance,Sector AP chart,Horizontal bar chart,Show supported sector AP values,change,Suppressed sectors omitted without a shared adjacent support view,Keep sufficiency cues and adjacent full table in sector tab,false,A6 suppression preserved
Model Performance,Sector performance table,Sortable table,Show all sectors and suppression,keep,Existing nulls and readable labels retained,Keep blank suppressed metrics and source flag,false,No zero fill
Data Quality & Limitations,MSA coverage distribution,Histogram,Show row-count distribution by A5 coverage status,change,Theme and responsive config differ from shared charts,Apply shared style and status colors,false,A7.2 coverage rows
Data Quality & Limitations,MSA coverage inventory,Searchable sortable table,Inspect all MSA coverage fields,change,Some coverage fields exposed as internal names,Add human-readable column labels and consistent count formatting,false,A7.2 source values
Data Quality & Limitations,Complete-case fold counts,Sortable table,Show validation eligibility and complete-case counts,keep,Table is narrowly scoped and counts sourced from A6,Retain fold-specific denominators,false,Do not sum overlapping folds
Data Quality & Limitations,Complete-case sample selection,Sortable audit table,Compare included/excluded populations and standardized differences,keep,Raw measures require units in nearby caption,Retain exact audit and clarify units,false,Finalized A6 reporting artifact
Data Quality & Limitations,Sector support chart,Horizontal status bar chart,Show final-holdout sample support and sufficiency,change,Palette and toolbar policy differ,Apply semantic status palette and shared style,false,Metric suppression remains separate from support
Data Quality & Limitations,MSA-size generalization table,Sortable table,Show finalized subgroup metrics,change,Several source field names are technical,Use presentation labels with fixed values unchanged,false,A6 final temporal holdout
Data Quality & Limitations,Source catalog,Sortable table,Provide provenance context,keep,Full A7.2 source catalog already displayed,Retain all provenance columns,false,Finalized source artifact
